,Date,Close,Close,Close,High,High,High,Low,Low,Low,Open,Open,Open,Volume,Volume,Volume
,,Es=f,Nq=f,Spy,Es=f,Nq=f,Spy,Es=f,Nq=f,Spy,Es=f,Nq=f,Spy,Es=f,Nq=f,Spy
0,2022-05-03,4169.25,13087.5,416.3800048828125,4195.75,13183.75,418.92999267578125,4129.0,12968.5,413.3599853515625,4145.5,13051.75,415.010009765625,1678497,662216,100028200.0
1,2022-05-04,4295.25,13531.25,429.05999755859375,4303.0,13555.25,429.6600036621094,4142.75,12883.0,413.7099914550781,4171.25,13121.0,417.0799865722656,1783477,703191,144247900.0
2,2022-05-05,4143.25,12858.0,413.80999755859375,4300.75,13548.0,425.0,4099.25,12705.25,409.44000244140625,4289.75,13500.25,424.54998779296875,2389422,877795,172929100.0
3,2022-05-06,4119.5,12695.75,411.3399963378906,4153.25,12928.75,414.79998779296875,4062.0,12519.0,405.7300109863281,4146.5,12883.25,411.1000061035156,2310919,852234,151770800.0
4,2022-05-09,3987.5,12193.75,398.1700134277344,4099.0,12637.25,406.4100036621094,3970.0,12135.25,396.5,4087.25,12605.0,405.1000061035156,2139992,816033,155586100.0
5,2022-05-10,3996.75,12349.0,399.0899963378906,4065.5,12547.0,406.0799865722656,3953.0,12102.25,394.82000732421875,3993.25,12206.0,404.489990234375,2247750,853859,132497200.0
6,2022-05-11,3930.25,11969.75,392.75,4050.5,12553.25,404.0400085449219,3923.75,11938.5,391.9599914550781,3990.5,12328.75,398.07000732421875,2157244,865890,142361000.0
7,2022-05-12,3927.25,11947.25,392.3399963378906,3961.75,12132.75,395.79998779296875,3855.0,11689.0,385.1499938964844,3939.75,12004.5,389.3699951171875,2380563,878238,125090800.0
8,2022-05-13,4019.75,12382.75,401.7200012207031,4036.0,12432.0,403.17999267578125,3915.5,11891.5,395.6099853515625,3916.25,11891.5,396.7099914550781,1859074,663517,104174400.0
9,2022-05-16,4004.75,12244.75,400.0899963378906,4043.5,12498.75,403.9700012207031,3979.5,12190.25,397.6000061035156,4025.0,12409.0,399.9800109863281,1695198,623715,78622400.0
10,2022-05-17,4084.75,12560.25,408.32000732421875,4091.5,12578.0,408.57000732421875,4000.5,12234.0,402.5799865722656,4002.0,12235.5,406.5299987792969,1716498,653222,83029700.0
11,2022-05-18,3922.75,11935.5,391.8599853515625,4095.0,12594.0,403.79998779296875,3905.5,11862.75,390.54998779296875,4091.25,12572.0,403.5,2202394,735386,117674500.0
12,2022-05-19,3897.75,11878.25,389.4599914550781,3943.5,12076.75,394.1400146484375,3856.0,11704.0,387.1099853515625,3916.5,11907.0,388.6199951171875,2317604,827741,98510700.0
13,2022-05-20,3899.5,11840.75,389.6300048828125,3949.5,12096.75,397.0299987792969,3807.5,11491.25,380.5400085449219,3900.5,11898.0,393.25,2408399,806781,131432200.0
14,2022-05-23,3971.75,12035.25,396.9200134277344,3982.25,12075.5,397.7300109863281,3906.5,11783.75,390.3800048828125,3910.5,11866.0,392.8299865722656,1736162,660213,76414900.0
15,2022-05-24,3940.5,11771.0,393.8900146484375,3954.5,11918.0,395.1499938964844,3872.0,11576.25,386.9599914550781,3951.75,11915.0,392.55999755859375,2017453,717429,91448800.0
16,2022-05-25,3976.75,11942.25,397.3699951171875,3997.75,12036.0,399.45001220703125,3913.5,11672.0,391.8900146484375,3950.0,11808.0,392.30999755859375,1744116,671096,91472900.0
17,2022-05-26,4055.75,12279.25,405.30999755859375,4073.5,12343.0,407.0400085449219,3960.5,11848.25,398.45001220703125,3972.25,11887.5,398.6700134277344,1493132,611884,82168300.0
18,2022-05-27,4155.75,12677.75,415.260009765625,4168.25,12720.25,415.3800048828125,4041.25,12222.0,407.70001220703125,4047.5,12250.0,407.9100036621094,1547507,615992,84768700.0
19,2022-05-31,4131.25,12646.5,412.92999267578125,4202.25,12883.0,416.4599914550781,4102.75,12480.0,410.0299987792969,4164.5,12705.25,413.54998779296875,2222573,832388,95937000.0
20,2022-06-01,4099.0,12551.0,409.5899963378906,4165.0,12823.5,416.239990234375,4071.5,12454.75,406.92999267578125,4138.5,12662.5,415.1700134277344,1912031,682211,86585800.0
21,2022-06-02,4175.25,12893.75,417.3900146484375,4179.0,12903.75,417.44000244140625,4072.25,12442.5,407.0400085449219,4097.75,12549.75,409.4200134277344,1513748,620008,79609600.0
22,2022-06-03,4107.0,12551.0,410.5400085449219,4189.0,12945.25,414.0400085449219,4096.75,12503.0,409.510009765625,4177.75,12896.0,412.3999938964844,1532766,652955,71874300.0
23,2022-06-06,4120.5,12605.0,411.7900085449219,4168.25,12810.0,416.6099853515625,4104.5,12527.0,410.54998779296875,4110.5,12549.75,414.7799987792969,1457918,536936,57508900.0
24,2022-06-07,4158.75,12711.5,415.739990234375,4164.0,12740.25,416.2200012207031,4076.0,12412.5,407.6099853515625,4122.0,12605.25,408.1000061035156,1677883,577970,59272400.0
25,2022-06-08,4114.0,12615.75,411.2200012207031,4160.0,12783.0,415.82000732421875,4105.25,12579.25,410.3800048828125,4150.75,12680.5,413.92999267578125,1706628,583652,64350000.0
26,2022-06-09,4016.25,12275.0,401.44000244140625,4144.25,12726.0,411.739990234375,4014.75,12255.25,401.44000244140625,4116.0,12625.0,409.3399963378906,2024783,690155,86289800.0
27,2022-06-10,3899.0,11840.0,389.79998779296875,4029.5,12338.75,395.7799987792969,3895.25,11823.0,389.75,4025.25,12301.5,394.8800048828125,2117225,617395,132893900.0
28,2022-06-13,3750.5,11296.5,375.0,3876.5,11772.5,381.80999755859375,3732.5,11254.5,373.29998779296875,3870.75,11768.0,379.8500061035156,2155159,530220,170004900.0
29,2022-06-14,3736.75,11314.25,373.8699951171875,3805.0,11505.5,377.94000244140625,3705.25,11205.0,370.5899963378906,3758.25,11334.25,376.8500061035156,1341257,378134,104011800.0
30,2022-06-15,3789.25,11593.75,379.20001220703125,3839.0,11759.25,383.8999938964844,3720.25,11327.75,372.1199951171875,3740.0,11329.75,377.3599853515625,777545,265812,125666800.0
31,2022-06-16,3668.25,11124.75,366.6499938964844,3828.75,11737.75,370.94000244140625,3639.0,11036.75,364.0799865722656,3794.25,11608.5,370.510009765625,544027,146538,134473300.0
32,2022-06-17,3663.760009765625,11130.3896484375,365.8599853515625,3710.75,11290.0,369.3800048828125,3663.760009765625,11130.25,362.1700134277344,3677.5,11178.5,365.510009765625,2207570,731831,111113900.0
34,2022-06-21,3767.75,11577.25,375.07000732421875,3783.75,11678.25,376.5299987792969,3661.5,11273.75,371.80999755859375,3684.0,11332.5,371.8900146484375,1566039,657209,76811900.0
35,2022-06-22,3762.75,11565.75,374.3900146484375,3805.5,11745.75,378.7200012207031,3693.25,11320.5,370.17999267578125,3766.25,11579.75,370.6199951171875,1660579,638960,90059400.0
36,2022-06-23,3799.75,11737.5,378.05999755859375,3805.75,11766.75,378.8299865722656,3735.0,11460.5,372.8900146484375,3761.25,11542.75,376.6400146484375,1607695,630125,79292100.0
37,2022-06-24,3916.25,12140.5,390.0799865722656,3919.75,12148.5,390.0899963378906,3781.25,11684.75,381.3699951171875,3785.25,11687.75,381.3999938964844,1563128,563303,98050300.0
38,2022-06-27,3903.75,12040.5,388.5899963378906,3948.0,12262.0,391.3599853515625,3892.5,11994.25,387.44000244140625,3915.0,12137.5,391.04998779296875,1497368,565803,66009600.0
39,2022-06-28,3825.5,11674.25,380.6499938964844,3950.0,12174.25,393.1600036621094,3821.75,11661.5,380.5299987792969,3911.25,12076.25,390.2300109863281,1791690,634694,86548900.0
40,2022-06-29,3821.25,11691.0,380.3399963378906,3840.0,11749.0,382.2699890136719,3801.25,11564.5,378.4200134277344,3828.25,11680.5,381.2300109863281,1717770,590173,65676000.0
41,2022-06-30,3789.5,11529.5,377.25,3825.0,11696.75,380.6600036621094,3741.25,11351.0,372.55999755859375,3822.75,11691.5,376.239990234375,2394361,738071,112508300.0
42,2022-07-01,3827.25,11611.25,381.239990234375,3833.5,11629.75,381.70001220703125,3744.5,11381.75,373.79998779296875,3782.0,11507.5,376.55999755859375,1752977,605401,74839700.0
43,2022-07-05,3834.0,11808.5,381.9599914550781,3857.75,11815.75,381.9800109863281,3744.0,11389.25,372.8999938964844,3828.5,11606.0,375.8800048828125,2031501,790937,81438000.0
44,2022-07-06,3848.25,11880.25,383.25,3875.0,11974.25,385.8699951171875,3808.75,11727.75,379.6000061035156,3838.0,11820.25,382.1099853515625,1684324,649912,70426200.0
45,2022-07-07,3905.0,12138.5,388.989990234375,3914.25,12168.5,389.8299865722656,3832.5,11836.5,383.2699890136719,3853.75,11901.25,385.1199951171875,1314443,550463,64525900.0
46,2022-07-08,3901.25,12152.0,388.6700134277344,3922.0,12211.0,390.6400146484375,3868.0,11952.5,385.6600036621094,3897.0,12115.0,387.2699890136719,1485497,640445,72397800.0
47,2022-07-11,3856.75,11884.25,384.2300109863281,3900.75,12149.75,386.8699951171875,3850.0,11853.0,383.5,3900.0,12149.75,385.8500061035156,1486103,578336,58366900.0
48,2022-07-12,3823.75,11779.0,380.8299865722656,3876.5,12025.5,386.1600036621094,3804.75,11712.0,378.989990234375,3862.0,11900.5,383.6499938964844,1640864,607949,62219200.0
49,2022-07-13,3804.5,11762.25,378.8299865722656,3873.0,11970.0,381.9200134277344,3752.0,11479.25,374.6600036621094,3825.0,11780.0,375.1000061035156,2157968,732270,84224600.0
50,2022-07-14,3793.25,11797.5,377.9100036621094,3806.25,11835.0,379.04998779296875,3723.75,11511.25,371.0400085449219,3795.75,11729.5,373.6099853515625,1916260,654560,89704800.0
51,2022-07-15,3865.0,12007.5,385.1300048828125,3868.25,12021.5,385.25,3780.25,11740.25,380.5400085449219,3797.75,11810.5,382.54998779296875,1523753,560980,79060400.0
52,2022-07-18,3833.75,11907.0,381.95001220703125,3909.5,12186.5,389.0899963378906,3820.25,11857.0,380.6600036621094,3878.5,12043.5,388.3800048828125,1439590,553676,63203600.0
53,2022-07-19,3937.5,12274.0,392.2699890136719,3948.0,12328.5,392.8699951171875,3834.0,11889.5,385.3900146484375,3838.5,11909.5,386.0799865722656,1611604,585591,78506000.0
54,2022-07-20,3962.5,12465.25,394.7699890136719,3977.25,12517.5,396.260009765625,3922.25,12235.75,391.0299987792969,3947.0,12330.5,392.4700012207031,1734355,643607,71843800.0
55,2022-07-21,4001.25,12640.0,398.7900085449219,4004.75,12655.25,398.8399963378906,3930.25,12373.5,391.6300048828125,3954.0,12440.0,394.1600036621094,1821097,605066,64903900.0
56,2022-07-22,3965.0,12423.5,395.0899963378906,4016.25,12698.5,400.17999267578125,3941.5,12343.75,392.75,3988.0,12559.25,398.9200134277344,1736592,634548,72197300.0
57,2022-07-25,3970.0,12354.5,395.57000732421875,3988.75,12498.5,396.4700012207031,3946.0,12266.5,393.2099914550781,3967.75,12444.5,395.75,1493471,491612,53631500.0
58,2022-07-26,3923.25,12112.5,390.8900146484375,3964.5,12334.0,394.05999755859375,3913.25,12072.0,389.95001220703125,3959.0,12311.25,393.8399963378906,1589161,536287,52946400.0
59,2022-07-27,4024.5,12619.0,401.0400085449219,4042.75,12690.0,402.8800048828125,3938.75,12191.75,394.04998779296875,3939.25,12192.0,394.3599853515625,1740431,634889,82342100.0
60,2022-07-28,4073.5,12737.5,406.07000732421875,4111.0,12948.0,406.79998779296875,3994.5,12449.0,398.1499938964844,4022.0,12580.0,401.8900146484375,2014467,645261,73966600.0
61,2022-07-29,4133.5,12971.5,411.989990234375,4144.0,13012.0,413.0299987792969,4081.0,12744.25,406.7699890136719,4105.0,12920.25,407.5799865722656,1919598,592416,87003700.0
62,2022-08-01,4120.5,12962.5,410.7699890136719,4147.25,13108.75,413.4100036621094,4097.0,12851.75,408.3999938964844,4137.5,12981.0,409.1499938964844,1776936,622511,69997500.0
63,2022-08-02,4093.75,12924.5,408.05999755859375,4143.0,13097.0,413.0,4080.5,12814.75,406.82000732421875,4119.75,12974.25,409.1199951171875,1892241,674564,63435400.0
64,2022-08-03,4156.25,13271.5,414.45001220703125,4170.0,13310.25,415.67999267578125,4084.5,12867.25,410.0,4097.0,12921.0,410.29998779296875,1696602,690056,67820600.0
65,2022-08-04,4152.25,13327.0,414.1700134277344,4173.25,13356.0,415.0899963378906,4136.0,13184.75,412.44000244140625,4150.25,13247.0,414.3699951171875,1245063,542680,45656600.0
66,2022-08-05,4146.75,13228.75,413.4700012207031,4166.25,13384.5,414.1499938964844,4103.75,13085.0,409.6000061035156,4152.0,13327.25,409.6600036621094,1722401,687792,56814900.0
67,2022-08-08,4141.75,13183.25,412.989990234375,4188.0,13419.25,417.6199951171875,4129.25,13120.5,411.8299865722656,4149.75,13227.75,415.25,1536449,597182,53886100.0
68,2022-08-09,4124.5,13031.5,411.3500061035156,4155.0,13233.75,412.75,4113.0,12963.25,410.2200012207031,4148.5,13206.25,412.2200012207031,1280085,553704,44931800.0
69,2022-08-10,4210.0,13392.0,419.989990234375,4213.5,13408.0,420.1400146484375,4113.75,12982.0,416.7200012207031,4128.75,13050.0,418.7799987792969,1627940,602069,68665700.0
70,2022-08-11,4209.75,13311.25,419.989990234375,4260.5,13575.0,424.95001220703125,4202.75,13285.0,419.2099914550781,4210.75,13380.5,422.989990234375,1598130,614816,59489700.0
71,2022-08-12,4281.0,13577.75,427.1000061035156,4282.75,13583.25,427.2099914550781,4208.25,13312.0,421.0299987792969,4219.25,13344.25,422.0299987792969,1300170,500647,61694500.0
72,2022-08-15,4298.25,13681.25,428.8599853515625,4304.75,13706.0,429.4100036621094,4249.0,13495.25,424.7099914550781,4277.0,13571.5,424.7699890136719,1317241,463768,54048300.0
73,2022-08-16,4307.75,13658.25,429.70001220703125,4327.5,13740.75,431.7300109863281,4278.75,13522.75,426.8800048828125,4294.5,13674.75,427.7300109863281,1363248,555979,59289000.0
74,2022-08-17,4276.75,13493.25,426.6499938964844,4315.0,13672.0,429.5,4255.0,13406.25,424.5400085449219,4309.25,13658.0,425.9100036621094,1638797,610667,63563400.0
75,2022-08-18,4286.5,13523.25,427.8900146484375,4295.5,13575.5,428.6099853515625,4258.0,13410.75,425.5,4279.5,13503.0,426.8599853515625,1366220,530513,49023200.0
76,2022-08-19,4231.5,13268.5,422.1400146484375,4288.0,13534.5,425.260009765625,4220.75,13228.75,421.2200012207031,4287.0,13534.25,424.9800109863281,1701251,618758,68016900.0
77,2022-08-22,4141.25,12909.75,413.3500061035156,4221.5,13226.5,417.2300109863281,4131.5,12874.5,412.3999938964844,4221.0,13226.5,417.04998779296875,1724203,599946,77695600.0
78,2022-08-23,4130.5,12896.5,412.3500061035156,4161.75,13018.5,415.4200134277344,4118.0,12823.5,411.7699890136719,4147.0,12933.75,412.8999938964844,1575674,570278,49105200.0
79,2022-08-24,4142.75,12929.75,413.6700134277344,4158.5,13011.25,415.1099853515625,4110.75,12825.75,411.3900146484375,4128.25,12892.0,412.1099853515625,1348612,503227,49177800.0
80,2022-08-25,4201.0,13156.0,419.510009765625,4202.75,13161.5,419.55999755859375,4143.0,12925.0,414.0899963378906,4148.75,12944.0,415.239990234375,1635476,543666,50942300.0
81,2022-08-26,4059.5,12620.5,405.30999755859375,4217.25,13220.0,419.9599914550781,4042.75,12557.5,405.25,4198.25,13153.75,419.3900146484375,2241117,753862,103087000.0
82,2022-08-29,4031.25,12492.75,402.6300048828125,4064.0,12610.25,405.8399963378906,4006.75,12401.5,401.20001220703125,4024.0,12485.0,402.20001220703125,1963446,693093,65370800.0
83,2022-08-30,3987.5,12358.75,398.2099914550781,4072.75,12658.25,404.1000061035156,3964.5,12247.5,396.0,4035.75,12503.5,403.8500061035156,2555455,797462,85652400.0
84,2022-08-31,3956.5,12285.25,395.17999267578125,4018.25,12513.0,401.239990234375,3953.0,12276.25,395.0400085449219,3987.25,12366.0,399.92999267578125,2366488,672068,76029700.0
85,2022-09-01,3968.75,12292.25,396.4200134277344,3971.25,12299.5,396.7799987792969,3903.5,12017.75,390.0400085449219,3958.0,12284.75,392.8900146484375,2212034,820606,78740100.0
86,2022-09-02,3924.5,12104.25,392.239990234375,4019.25,12461.5,401.55999755859375,3906.0,12040.25,390.3299865722656,3967.5,12297.75,400.2799987792969,2510355,835870,99632100.0
87,2022-09-06,3910.5,12019.0,390.760009765625,3963.25,12244.5,394.1199951171875,3886.75,11930.0,388.4200134277344,3929.0,12110.5,393.1300048828125,2360326,895450,76637400.0
88,2022-09-07,3980.0,12263.25,397.7799987792969,3988.75,12306.25,398.5899963378906,3883.5,11921.5,390.20001220703125,3907.5,12019.75,390.42999267578125,1956209,677159,70964200.0
89,2022-09-08,4005.5,12321.75,400.3800048828125,4011.5,12379.5,400.8599853515625,3942.75,12115.75,394.1199951171875,3980.0,12267.75,395.3900146484375,2356008,737024,80821700.0
90,2022-09-09,4067.25,12592.5,406.6000061035156,4077.25,12613.75,407.510009765625,4005.75,12329.5,402.4599914550781,4010.25,12345.25,402.739990234375,1677890,535984,76706900.0
91,2022-09-12,4110.75,12740.75,410.9700012207031,4119.75,12773.75,411.7300109863281,4062.25,12573.25,408.4599914550781,4077.25,12626.0,408.7799987792969,1718859,444255,69256300.0
92,2022-09-13,3931.25,12036.5,393.1000061035156,4158.0,12889.0,403.1000061035156,3919.75,12003.25,391.9200134277344,4118.25,12769.5,401.8299865722656,1418271,463841,122947100.0
93,2022-09-14,3947.5,12142.0,394.6000061035156,3962.75,12173.0,396.20001220703125,3911.25,12001.75,391.1199951171875,3936.75,12050.25,394.4700012207031,662596,270232,85023700.0
94,2022-09-15,3902.0,11934.75,390.1199951171875,3959.5,12187.75,395.9599914550781,3888.0,11866.5,388.7799987792969,3955.0,12159.0,392.9599914550781,438921,169928,87633800.0
95,2022-09-16,3871.239990234375,11814.580078125,385.55999755859375,3888.5,11880.0,386.25,3846.0,11750.5,382.1099853515625,3888.5,11880.0,384.1400146484375,2688630,754923,103084800.0
96,2022-09-19,3917.25,12024.0,388.54998779296875,3927.0,12066.25,388.54998779296875,3846.25,11792.25,382.17999267578125,3889.5,11920.0,382.260009765625,2100098,632663,73278500.0
97,2022-09-20,3872.75,11922.25,384.0899963378906,3936.25,12092.5,386.1199951171875,3843.25,11828.25,381.20001220703125,3923.0,12045.75,385.05999755859375,2357296,704882,77274900.0
98,2022-09-21,3806.25,11710.0,377.3900146484375,3925.25,12140.5,389.30999755859375,3792.0,11647.5,377.3800048828125,3878.75,11946.0,386.1099853515625,2440206,822965,106746600.0
99,2022-09-22,3772.0,11565.5,374.2200012207031,3833.0,11796.0,378.29998779296875,3763.5,11510.0,373.44000244140625,3794.0,11661.25,376.5799865722656,2578314,786180,89472600.0
100,2022-09-23,3709.0,11376.75,367.95001220703125,3783.25,11600.25,370.6199951171875,3660.25,11229.0,363.2900085449219,3777.25,11583.75,370.5799865722656,2913560,799378,122346900.0
101,2022-09-26,3670.0,11316.25,364.30999755859375,3730.5,11537.75,370.2099914550781,3657.5,11256.5,363.0299987792969,3705.25,11362.5,366.4100036621094,2899415,809853,92581200.0
102,2022-09-27,3661.0,11333.75,363.3800048828125,3733.0,11568.25,370.3999938964844,3635.25,11233.5,360.8699951171875,3668.0,11315.5,368.0199890136719,2963065,841073,108294100.0
103,2022-09-28,3732.0,11555.75,370.5299987792969,3751.25,11613.5,372.29998779296875,3613.0,11141.5,362.6000061035156,3668.5,11361.0,364.3800048828125,2780935,897742,110802200.0
104,2022-09-29,3654.25,11228.25,362.7900085449219,3736.0,11567.25,367.1099853515625,3622.0,11091.5,359.70001220703125,3730.25,11544.0,366.80999755859375,2860631,891823,112952300.0
105,2022-09-30,3601.5,11035.5,357.17999267578125,3693.75,11357.25,365.9100036621094,3595.25,11024.25,357.0400085449219,3656.5,11220.0,361.79998779296875,2976179,878168,153711200.0
106,2022-10-03,3690.25,11285.75,366.6099853515625,3711.75,11358.25,368.54998779296875,3571.75,10890.75,359.2099914550781,3593.25,11030.0,361.0799865722656,2315515,757581,89756500.0
107,2022-10-04,3803.25,11640.75,377.9700012207031,3808.75,11675.0,378.0,3686.25,11281.5,366.57000732421875,3696.5,11314.5,372.3999938964844,2381497,772885,103602800.0
108,2022-10-05,3794.0,11623.75,377.0899963378906,3820.0,11711.0,379.4599914550781,3734.0,11366.5,370.95001220703125,3801.0,11630.25,373.3900146484375,2089198,700889,88065700.0
109,2022-10-06,3756.75,11541.75,373.20001220703125,3819.5,11729.75,378.7200012207031,3750.0,11505.25,372.67999267578125,3795.75,11628.0,375.6199951171875,2157569,773914,82333500.0
110,2022-10-07,3653.25,11101.5,362.7900085449219,3770.5,11564.5,373.2900085449219,3632.5,11043.25,360.94000244140625,3745.75,11494.5,368.9700012207031,2238683,759141,107789500.0
111,2022-10-10,3625.25,10984.5,360.0199890136719,3667.5,11136.5,364.2099914550781,3600.0,10876.75,357.6700134277344,3638.75,11067.75,363.9599914550781,2024447,757732,76042800.0
112,2022-10-11,3599.25,10845.0,357.739990234375,3653.25,11039.5,363.0299987792969,3579.0,10767.25,355.7099914550781,3624.75,10987.0,358.239990234375,2398140,833906,92482800.0
113,2022-10-12,3588.5,10840.5,356.55999755859375,3635.25,10976.75,359.82000732421875,3585.5,10805.5,356.29998779296875,3607.0,10875.0,358.1700134277344,1948173,731214,76991800.0
114,2022-10-13,3681.75,11083.75,365.9700012207031,3697.75,11142.75,367.510009765625,3502.0,10484.75,348.1099853515625,3596.25,10859.0,349.2099914550781,3288646,1050244,147254500.0
115,2022-10-14,3597.5,10744.0,357.6300048828125,3733.75,11253.5,370.260009765625,3591.25,10726.75,356.9599914550781,3680.25,11064.75,368.54998779296875,2730405,843525,123737000.0
116,2022-10-17,3689.25,11110.25,366.82000732421875,3702.5,11146.25,367.9800109863281,3590.5,10713.0,357.2799987792969,3591.0,10720.0,364.010009765625,1951998,638720,93168200.0
117,2022-10-18,3732.75,11198.75,371.1300048828125,3777.25,11431.75,375.45001220703125,3697.25,11081.5,367.5199890136719,3706.25,11161.25,375.1300048828125,2746886,832215,97162900.0
118,2022-10-19,3707.25,11153.25,368.5,3774.25,11382.75,371.8500061035156,3676.75,11049.0,365.54998779296875,3759.75,11320.25,368.989990234375,2348844,733776,79746900.0
119,2022-10-20,3675.25,11090.75,365.4100036621094,3748.0,11328.75,372.6700134277344,3666.25,11008.0,364.6099853515625,3708.0,11134.0,368.0299987792969,2403705,739672,88283100.0
120,2022-10-21,3764.0,11358.5,374.2900085449219,3773.25,11386.25,374.79998779296875,3641.5,10935.5,363.5400085449219,3677.75,11061.25,365.1199951171875,2681019,840952,131038400.0
121,2022-10-24,3809.25,11478.75,378.8699951171875,3822.0,11530.25,380.05999755859375,3736.5,11207.75,373.1099853515625,3771.0,11393.75,375.8900146484375,2109780,715016,85436900.0
122,2022-10-25,3870.25,11713.5,384.9200134277344,3874.25,11734.0,385.25,3790.0,11430.25,378.6700134277344,3803.25,11453.75,378.7900085449219,1836723,660210,78846300.0
123,2022-10-26,3841.0,11446.0,382.0199890136719,3897.5,11703.5,387.5799865722656,3824.25,11415.0,381.3500061035156,3841.0,11510.0,381.6199951171875,2118534,784638,104087300.0
124,2022-10-27,3819.5,11235.25,379.9800109863281,3870.75,11537.5,385.0,3757.5,10921.5,379.3299865722656,3844.25,11417.75,383.07000732421875,2211786,769071,81971800.0
125,2022-10-28,3911.25,11587.0,389.0199890136719,3924.25,11626.0,389.5199890136719,3776.75,11062.0,379.67999267578125,3798.25,11122.75,379.8699951171875,2084386,728261,100302000.0
126,2022-10-31,3883.0,11447.25,386.2099914550781,3914.75,11595.0,388.3999938964844,3872.25,11367.25,385.260009765625,3911.5,11592.5,386.44000244140625,2002625,607680,96631300.0
127,2022-11-01,3866.0,11332.0,384.5199890136719,3928.0,11619.0,390.3900146484375,3852.5,11288.75,383.2900085449219,3884.0,11455.0,390.1400146484375,1895614,605362,85407600.0
128,2022-11-02,3768.75,10944.5,374.8699951171875,3907.0,11460.0,388.6300048828125,3760.25,10909.0,374.760009765625,3863.0,11320.25,383.8999938964844,2210708,770983,126990400.0
129,2022-11-03,3727.75,10728.0,371.010009765625,3782.5,10996.0,374.20001220703125,3704.25,10708.0,368.7900085449219,3766.75,10938.0,371.4700012207031,1887557,705050,87100100.0
130,2022-11-04,3779.5,10890.25,376.3500061035156,3805.5,10974.25,378.8699951171875,3711.0,10636.0,370.0,3724.0,10712.0,377.0,2494788,881129,103505200.0
131,2022-11-07,3815.25,11014.25,379.95001220703125,3821.75,11038.5,380.57000732421875,3738.25,10751.0,375.5299987792969,3750.0,10786.5,377.7099914550781,1483146,554692,68286900.0
132,2022-11-08,3835.25,11094.25,382.0,3867.0,11231.25,385.1199951171875,3792.75,10928.75,377.7200012207031,3812.75,11016.0,381.1099853515625,1878046,728868,84641100.0
133,2022-11-09,3755.5,10830.75,374.1300048828125,3848.75,11164.25,381.1400146484375,3750.0,10822.25,373.6099853515625,3832.5,11089.25,379.92999267578125,1889153,669071,78495500.0
134,2022-11-10,3961.0,11632.25,394.69000244140625,3973.5,11677.0,395.0400085449219,3751.5,10808.0,385.6400146484375,3757.0,10841.0,388.04998779296875,2408104,862147,141455800.0
135,2022-11-11,4000.25,11848.0,398.510009765625,4009.75,11876.75,399.3500061035156,3951.0,11569.25,393.6099853515625,3973.0,11669.75,395.5899963378906,1927068,682257,93839900.0
136,2022-11-14,3966.0,11734.75,395.1199951171875,4017.5,11898.5,400.17999267578125,3964.0,11702.0,394.8299865722656,3984.0,11791.0,396.6600036621094,1592615,576678,71903500.0
137,2022-11-15,3999.5,11904.25,398.489990234375,4050.75,12118.75,402.30999755859375,3960.0,11761.75,394.489990234375,3974.75,11768.5,401.1499938964844,2230543,771822,93194500.0
138,2022-11-16,3968.5,11739.5,395.45001220703125,4015.75,11963.0,397.7799987792969,3962.0,11706.5,394.7900085449219,3992.0,11882.0,396.7799987792969,1502501,577864,68508500.0
139,2022-11-17,3955.25,11710.5,394.239990234375,3990.25,11827.5,394.95001220703125,3912.5,11528.25,390.1400146484375,3977.25,11777.75,390.4599914550781,1560808,658469,74496300.0
140,2022-11-18,3974.0,11708.0,396.0299987792969,3994.0,11843.0,397.80999755859375,3942.5,11607.0,393.0400085449219,3960.5,11747.75,397.739990234375,1534155,585873,92922500.0
141,2022-11-21,3958.0,11588.0,394.5899963378906,3982.0,11756.0,395.82000732421875,3937.5,11553.0,392.6600036621094,3972.5,11723.0,394.6400146484375,1178421,477970,51243200.0
142,2022-11-22,4010.25,11754.5,399.8999938964844,4012.5,11759.25,400.07000732421875,3945.25,11526.5,395.1499938964844,3957.75,11588.0,396.6300048828125,1161999,531087,60429000.0
143,2022-11-23,4033.0,11862.75,402.4200134277344,4039.5,11892.75,402.92999267578125,4002.0,11720.0,399.30999755859375,4010.0,11741.5,399.54998779296875,1281153,474645,68261600.0
144,2022-11-25,4032.5,11782.75,402.3299865722656,4049.25,11933.0,402.9100036621094,4024.75,11766.25,401.5400085449219,4038.75,11878.0,401.8299865722656,608795,252366,30545400.0
145,2022-11-28,3970.25,11616.25,395.9100036621094,4024.0,11788.5,400.80999755859375,3960.25,11575.25,395.1099853515625,4020.25,11731.25,399.0899963378906,1481503,506250,67881600.0
146,2022-11-29,3962.0,11524.75,395.2300109863281,3990.25,11704.5,397.29998779296875,3941.25,11465.0,393.29998779296875,3972.0,11625.0,396.04998779296875,1500171,555859,52310000.0
147,2022-11-30,4081.25,12042.25,407.67999267578125,4093.5,12078.5,407.67999267578125,3942.75,11497.75,393.4800109863281,3962.25,11520.0,395.489990234375,2479997,769082,144566700.0
148,2022-12-01,4081.75,12062.75,407.3800048828125,4110.0,12145.0,410.0,4054.5,11943.25,404.75,4094.5,12079.25,408.7699890136719,1834073,629297,76398200.0
149,2022-12-02,4075.5,12010.25,406.9100036621094,4085.5,12067.75,407.8599853515625,4006.75,11740.5,402.1400146484375,4077.5,12039.75,402.25,1849784,588295,85342700.0
150,2022-12-05,4003.25,11805.75,399.5899963378906,4075.75,12015.75,404.92999267578125,3987.25,11745.5,398.1700134277344,4074.0,12000.5,403.95001220703125,1497688,537924,77289800.0
151,2022-12-06,3945.0,11566.0,393.8299865722656,4014.75,11846.25,399.989990234375,3921.5,11502.0,391.6400146484375,4005.75,11812.0,399.4200134277344,1869101,657271,77972200.0
152,2022-12-07,3936.75,11509.5,393.1600036621094,3961.5,11596.25,395.6400146484375,3914.0,11422.5,391.9700012207031,3944.5,11566.0,392.94000244140625,1756473,634691,65927900.0
153,2022-12-08,3965.75,11645.5,396.239990234375,3977.25,11685.75,397.3599853515625,3916.0,11433.0,393.2699890136719,3935.75,11500.0,395.1400146484375,1708915,600826,60737900.0
154,2022-12-09,3936.25,11569.75,393.2799987792969,3990.0,11748.0,397.6199951171875,3930.0,11517.0,393.1499938964844,3964.75,11641.5,394.94000244140625,1739761,504052,81447700.0
155,2022-12-12,3991.75,11711.75,398.95001220703125,3992.75,11716.0,398.95001220703125,3924.5,11522.75,393.4100036621094,3933.0,11553.0,394.1099853515625,1619977,354886,75405800.0
156,2022-12-13,4022.25,11839.75,401.9700012207031,4145.0,12229.5,410.489990234375,3985.0,11680.5,399.07000732421875,3989.25,11691.25,410.2200012207031,1419560,407612,123782500.0
157,2022-12-14,3998.0,11750.75,399.3999938964844,4073.0,11948.5,405.5,3965.25,11613.75,396.30999755859375,4021.75,11839.0,401.6099853515625,712439,197122,108111300.0
158,2022-12-15,3897.0,11347.25,389.6300048828125,4010.25,11779.5,395.25,3878.5,11298.25,387.8900146484375,4004.25,11758.75,394.29998779296875,560669,182838,117705900.0
159,2022-12-16,3871.469970703125,11327.0400390625,383.2699890136719,3904.25,11381.25,386.5799865722656,3842.0,11206.5,381.0400085449219,3890.5,11340.25,385.17999267578125,1965701,665526,119858000.0
160,2022-12-19,3845.5,11193.25,380.0199890136719,3899.0,11411.0,383.82000732421875,3827.25,11131.75,378.2799987792969,3874.0,11328.75,383.4700012207031,1405774,562529,79878100.0
161,2022-12-20,3849.25,11175.75,380.5400085449219,3866.5,11247.0,382.2300109863281,3803.5,11043.5,377.8500061035156,3842.75,11182.5,379.2300109863281,1541868,625090,74427200.0
162,2022-12-21,3905.75,11334.5,386.2300109863281,3918.75,11389.75,387.4100036621094,3855.5,11181.0,382.69000244140625,3857.25,11206.5,383.25,1522069,631322,78167400.0
163,2022-12-22,3849.25,11054.25,380.7200012207031,3919.75,11384.75,386.2099914550781,3788.5,10870.5,374.7699890136719,3915.0,11357.0,383.04998779296875,1842326,714500,100120900.0
164,2022-12-23,3869.75,11075.25,382.9100036621094,3872.5,11143.0,383.05999755859375,3821.25,10916.25,378.0299987792969,3850.0,11061.0,379.6499938964844,1374913,534525,59857300.0
165,2022-12-27,3855.0,10915.5,381.3999938964844,3900.5,11183.75,383.1499938964844,3837.25,10896.0,379.6499938964844,3878.0,11104.0,382.7900085449219,1006414,499799,51638200.0
166,2022-12-28,3807.5,10772.75,376.6600036621094,3875.0,10996.5,383.3900146484375,3804.5,10758.75,376.4200134277344,3858.0,10915.75,381.3299865722656,1282810,635572,70911500.0
167,2022-12-29,3871.75,11032.75,383.44000244140625,3882.75,11071.5,384.3500061035156,3806.25,10777.5,379.0799865722656,3811.0,10785.75,379.6300048828125,1146984,470004,66970900.0
168,2022-12-30,3861.0,11022.25,382.42999267578125,3871.0,11051.5,382.5799865722656,3821.5,10855.5,378.42999267578125,3869.75,11033.5,380.6400146484375,1401810,462484,84022200.0
169,2023-01-03,3846.0,10945.5,380.82000732421875,3906.75,11182.0,386.42999267578125,3814.5,10844.75,377.8299865722656,3895.0,11122.5,384.3699951171875,1782473,657681,74850700.0
170,2023-01-04,3874.5,10999.25,383.760009765625,3896.25,11068.5,385.8800048828125,3836.5,10863.5,380.0,3842.75,10941.25,383.17999267578125,1912155,758003,85934100.0
171,2023-01-05,3829.0,10820.25,379.3800048828125,3885.5,11046.75,381.8399963378906,3822.5,10805.0,378.760009765625,3871.0,10988.5,381.7200012207031,1679973,694452,76970500.0
172,2023-01-06,3915.5,11113.5,388.0799865722656,3928.75,11165.75,389.25,3819.0,10751.0,379.4100036621094,3833.0,10838.75,382.6099853515625,2026154,736332,104189600.0
173,2023-01-09,3913.75,11185.5,387.8599853515625,3973.25,11385.5,393.70001220703125,3909.75,11120.25,387.6700134277344,3918.5,11126.5,390.3699951171875,1697887,646318,73978100.0
174,2023-01-10,3940.75,11282.0,390.5799865722656,3943.75,11288.75,390.6499938964844,3891.5,11094.0,386.2699890136719,3914.5,11184.75,387.25,1520955,559281,65358100.0
175,2023-01-11,3990.0,11476.5,395.5199890136719,3992.5,11479.5,395.6000061035156,3934.5,11239.75,391.3800048828125,3941.0,11282.5,392.2300109863281,1398769,500153,68881100.0
176,2023-01-12,4003.5,11534.25,396.9599914550781,4021.5,11579.75,398.489990234375,3954.0,11291.0,392.4200134277344,3991.75,11474.5,396.6700134277344,2102587,754571,90157700.0
177,2023-01-13,4018.25,11608.0,398.5,4024.25,11619.5,399.1000061035156,3961.75,11389.0,393.3399963378906,4003.0,11528.5,393.6199951171875,1456784,482002,63903900.0
179,2023-01-17,4009.5,11624.5,397.7699890136719,4035.25,11685.0,400.2300109863281,3996.75,11510.25,397.05999755859375,4020.0,11613.5,398.4800109863281,1423931,576141,62677300.0
180,2023-01-18,3945.75,11475.75,391.489990234375,4033.5,11759.5,400.1199951171875,3943.75,11468.0,391.2799987792969,4008.5,11619.75,399.010009765625,1902551,619614,99632300.0
181,2023-01-19,3915.5,11356.5,388.6400146484375,3948.75,11487.0,391.0799865722656,3901.75,11308.5,387.260009765625,3945.25,11470.5,389.3599853515625,1896890,594769,86958900.0
182,2023-01-20,3988.5,11677.0,395.8800048828125,3990.5,11686.75,396.0400085449219,3911.75,11365.25,388.3800048828125,3925.0,11401.0,390.1000061035156,1620355,577769,91806400.0
183,2023-01-23,4036.5,11934.0,400.6300048828125,4056.75,11983.0,402.6499938964844,3980.25,11650.5,395.7200012207031,3987.0,11676.75,396.7200012207031,1594736,593978,84178800.0
184,2023-01-24,4032.75,11909.5,400.20001220703125,4047.5,12010.5,401.1499938964844,4005.25,11835.75,397.6400146484375,4036.5,11933.0,398.8800048828125,1472856,511370,59524900.0
185,2023-01-25,4032.0,11873.25,400.3500061035156,4040.5,11976.5,400.70001220703125,3963.25,11604.5,393.55999755859375,4039.0,11970.5,395.95001220703125,1760515,633473,84800300.0
186,2023-01-26,4075.5,12106.75,404.75,4077.0,12113.0,404.9200134277344,4027.25,11867.25,400.0299987792969,4031.0,11874.75,403.1300048828125,1613804,621434,72287400.0
187,2023-01-27,4084.25,12222.25,405.67999267578125,4109.25,12308.5,408.1600036621094,4057.25,12016.0,403.44000244140625,4065.0,12049.0,403.6600036621094,1587936,588072,68346200.0
188,2023-01-30,4032.5,11968.0,400.5899963378906,4086.0,12252.0,405.1300048828125,4029.5,11960.0,400.2799987792969,4077.0,12212.5,402.79998779296875,1786112,634667,74202000.0
189,2023-01-31,4090.0,12152.0,406.4800109863281,4091.25,12156.0,406.5299987792969,4007.5,11871.0,400.7699890136719,4039.25,11984.0,401.1300048828125,1790751,585202,86811800.0
190,2023-02-01,4132.25,12414.25,410.79998779296875,4163.25,12524.5,413.6700134277344,4048.5,12055.25,402.3500061035156,4085.75,12116.0,405.2099914550781,2000400,668515,101459200.0
191,2023-02-02,4191.5,12846.75,416.7799987792969,4208.5,12949.75,418.30999755859375,4136.75,12501.75,412.8800048828125,4145.5,12520.0,414.8599853515625,2290729,817822,101654500.0
192,2023-02-03,4147.75,12624.0,412.3500061035156,4194.0,12878.0,416.9700012207031,4132.5,12551.25,411.0899963378906,4176.0,12748.25,411.5899963378906,2354996,824209,94736800.0
193,2023-02-06,4123.5,12515.5,409.8299865722656,4143.0,12608.5,411.2900085449219,4104.0,12455.75,408.1000061035156,4134.25,12572.0,409.7900085449219,1560324,535147,60295300.0
194,2023-02-07,4175.75,12776.75,415.19000244140625,4188.25,12818.5,416.489990234375,4098.25,12459.25,407.57000732421875,4123.5,12513.0,408.8699951171875,2180936,744996,90990700.0
195,2023-02-08,4130.5,12545.25,410.6499938964844,4179.25,12808.5,414.5299987792969,4121.25,12512.75,409.92999267578125,4167.25,12747.0,413.1300048828125,1804101,590355,76227500.0
196,2023-02-09,4091.75,12425.5,407.0899963378906,4170.25,12728.5,414.57000732421875,4078.25,12366.5,405.80999755859375,4132.25,12555.0,414.4100036621094,1828571,612404,78694900.0
197,2023-02-10,4099.75,12346.25,408.0400085449219,4104.25,12451.5,408.44000244140625,4060.75,12243.25,405.010009765625,4098.0,12448.75,405.8599853515625,1744956,600244,70769700.0
198,2023-02-13,4147.25,12540.5,412.8299865722656,4150.75,12567.0,412.9700012207031,4078.75,12265.25,408.239990234375,4105.0,12357.5,408.7200012207031,1376325,467840,64913500.0
199,2023-02-14,4145.5,12631.0,412.6400146484375,4186.5,12687.0,415.04998779296875,4103.75,12390.5,408.510009765625,4149.75,12547.25,411.239990234375,2379034,719204,88389300.0
200,2023-02-15,4158.25,12730.0,413.9800109863281,4161.75,12756.5,414.05999755859375,4113.0,12524.25,409.4700012207031,4141.25,12620.75,410.3500061035156,1611550,568579,61555700.0
201,2023-02-16,4099.75,12482.5,408.2799987792969,4168.5,12792.75,412.9100036621094,4095.0,12455.25,408.1400146484375,4159.0,12740.0,408.7900085449219,2042993,682325,76431500.0
202,2023-02-17,4087.5,12390.0,407.260009765625,4096.0,12466.25,407.510009765625,4055.75,12265.75,404.04998779296875,4095.5,12462.5,406.05999755859375,2008448,629355,89257800.0
203,2023-02-21,4005.75,12096.75,399.0899963378906,4089.25,12417.75,404.1600036621094,4002.0,12090.25,398.82000732421875,4083.0,12380.0,403.05999755859375,1883040,609494,82655900.0
204,2023-02-22,3999.0,12097.5,398.5400085449219,4025.0,12190.5,401.1300048828125,3983.75,12034.0,397.0199890136719,4007.5,12108.0,399.5199890136719,1925300,640711,83742300.0
205,2023-02-23,4018.75,12207.5,400.6600036621094,4034.25,12261.0,402.20001220703125,3974.25,12028.5,396.25,4010.0,12176.25,401.55999755859375,1955820,640962,96242400.0
206,2023-02-24,3975.75,11997.0,396.3800048828125,4023.25,12214.5,397.25,3947.5,11923.0,393.6400146484375,4015.25,12190.0,395.4200134277344,2063242,643618,108194400.0
207,2023-02-27,3988.0,12083.25,397.7300109863281,4024.75,12189.5,401.2900085449219,3973.0,11990.0,396.75,3976.5,12003.0,399.8699951171875,1621961,578952,80444700.0
208,2023-02-28,3975.5,12072.25,396.260009765625,4003.75,12172.75,399.2799987792969,3965.0,12025.75,396.1499938964844,3991.5,12093.5,397.2300109863281,1847930,646026,96438600.0
209,2023-03-01,3956.5,11961.75,394.739990234375,3991.0,12141.75,396.69000244140625,3943.0,11924.75,393.3800048828125,3968.5,12041.25,395.4100036621094,2042321,759645,99706800.0
210,2023-03-02,3984.75,12062.0,397.80999755859375,3995.25,12096.25,398.69000244140625,3925.0,11832.5,392.3299865722656,3959.75,11967.0,392.67999267578125,1836555,752009,85127800.0
211,2023-03-03,4049.75,12311.25,404.19000244140625,4053.0,12329.0,404.45001220703125,3974.0,12012.0,399.0299987792969,3983.0,12049.0,399.7099914550781,1665102,675472,90120000.0
212,2023-03-06,4052.5,12323.5,404.4700012207031,4082.5,12486.25,407.45001220703125,4041.75,12276.25,404.010009765625,4049.25,12306.25,405.04998779296875,1528845,612506,72795900.0
213,2023-03-07,3989.75,12169.0,398.2699890136719,4064.5,12381.25,404.6700134277344,3982.5,12142.25,397.6300048828125,4053.75,12320.25,404.4200134277344,2141615,685006,108310600.0
214,2023-03-08,3995.0,12228.25,398.9200134277344,4003.25,12254.5,399.7099914550781,3971.5,12108.25,396.5899963378906,3990.0,12170.0,398.3900146484375,1831712,633419,74746600.0
215,2023-03-09,3920.0,12007.25,391.55999755859375,4019.75,12353.5,401.4800109863281,3909.5,11977.5,390.5299987792969,3997.0,12231.0,399.739990234375,2547423,816838,111945300.0
216,2023-03-10,3862.75,11840.25,385.9100036621094,3941.75,12109.0,393.1600036621094,3846.25,11795.0,384.32000732421875,3919.0,12005.0,390.989990234375,3285811,871209,189253000.0
217,2023-03-13,3856.75,11931.75,385.3599853515625,3938.75,12095.75,390.3900146484375,3808.75,11674.25,380.6499938964844,3887.75,11894.75,381.80999755859375,2750477,694438,157790000.0
218,2023-03-14,3920.5,12207.0,391.7300109863281,3938.0,12223.0,393.45001220703125,3855.25,11921.75,387.04998779296875,3865.75,11960.0,390.5,1606509,364395,149752400.0
219,2023-03-15,3892.75,12247.75,389.2799987792969,3931.0,12280.0,389.489990234375,3834.0,11972.0,383.7099914550781,3920.5,12200.75,385.8900146484375,833643,261341,172996900.0
220,2023-03-16,3960.5,12583.0,396.1099853515625,3966.5,12600.5,396.4700012207031,3863.25,12189.25,386.2900085449219,3892.75,12264.5,386.82000732421875,466914,181754,143254200.0
221,2023-03-17,3957.050048828125,12594.650390625,389.989990234375,3974.0,12636.5,394.3999938964844,3923.0,12531.75,388.54998779296875,3962.25,12575.75,393.2200012207031,2224268,734052,140553400.0
222,2023-03-20,3983.0,12688.5,393.739990234375,3989.5,12750.0,394.1700134277344,3897.25,12525.25,390.07000732421875,3963.75,12690.0,390.79998779296875,1818807,694471,93055800.0
223,2023-03-21,4035.75,12867.25,398.9100036621094,4043.25,12898.25,399.4100036621094,3981.75,12676.5,395.5799865722656,3986.5,12699.75,397.239990234375,1531670,565860,91524200.0
224,2023-03-22,3970.5,12707.0,392.1099853515625,4073.75,13082.0,402.489990234375,3966.25,12678.0,392.07000732421875,4038.75,12873.25,398.7300109863281,1802929,713083,111746600.0
225,2023-03-23,3978.0,12854.0,393.1700134277344,4039.5,13031.0,399.2900085449219,3948.5,12694.25,390.3500061035156,3972.75,12695.0,395.0899963378906,2236954,838385,119351300.0
226,2023-03-24,4001.25,12890.25,395.75,4010.75,12924.75,395.8399963378906,3937.0,12728.0,389.3999938964844,3988.75,12871.5,391.8399963378906,1944981,676547,107682400.0
227,2023-03-27,4007.25,12788.5,396.489990234375,4034.25,12984.5,398.9200134277344,3997.5,12765.5,395.55999755859375,4008.0,12916.0,398.1199951171875,1304572,562634,74010400.0
228,2023-03-28,4001.5,12732.5,395.6000061035156,4023.75,12833.5,396.489990234375,3980.75,12634.25,393.69000244140625,4013.5,12810.5,395.7699890136719,1224495,537965,62871700.0
229,2023-03-29,4057.5,12965.0,401.3500061035156,4061.25,12994.0,401.6000061035156,4006.0,12742.0,398.67999267578125,4006.5,12745.5,399.92999267578125,1389352,566316,77497900.0
230,2023-03-30,4080.0,13082.0,403.70001220703125,4087.75,13111.75,404.3500061035156,4052.5,12931.5,401.760009765625,4058.0,12962.5,404.0899963378906,1328529,583151,69840000.0
231,2023-03-31,4137.75,13301.75,409.3900146484375,4142.5,13311.5,409.70001220703125,4078.0,13057.5,404.54998779296875,4081.0,13084.25,404.6600036621094,1695840,624955,111974600.0
232,2023-04-03,4153.75,13270.0,410.95001220703125,4157.75,13278.75,411.3699951171875,4122.75,13154.0,408.44000244140625,4127.0,13262.0,408.8500061035156,1380286,542896,67391100.0
233,2023-04-04,4129.0,13219.0,408.6700134277344,4171.75,13348.75,411.9200134277344,4115.25,13168.25,407.239990234375,4152.5,13259.0,411.6199951171875,1582414,577032,66601500.0
234,2023-04-05,4117.25,13079.75,407.6000061035156,4135.5,13247.25,408.70001220703125,4099.0,13006.0,405.8800048828125,4134.0,13230.0,407.9100036621094,1470176,594608,65200200.0
235,2023-04-06,4132.0,13170.75,409.19000244140625,4135.25,13191.0,409.4800109863281,4096.5,12953.25,405.67999267578125,4113.75,13072.75,406.7699890136719,73009,41224,63743300.0
236,2023-04-10,4136.25,13158.0,409.6099853515625,4143.0,13203.25,409.69000244140625,4098.75,12967.5,405.9700012207031,4139.0,13179.75,406.6099853515625,1167715,553003,63681000.0
237,2023-04-11,4136.5,13074.75,409.7200012207031,4151.75,13208.75,411.17999267578125,4128.75,13053.5,408.9200134277344,4138.5,13163.25,410.260009765625,1221824,549047,59297900.0
238,2023-04-12,4119.0,12952.25,408.04998779296875,4177.75,13241.75,412.1700134277344,4113.5,12937.75,407.44000244140625,4137.5,13073.75,411.8699951171875,1853671,684779,86420400.0
239,2023-04-13,4172.75,13209.75,413.4700012207031,4177.0,13228.0,413.8399963378906,4110.25,12925.5,407.989990234375,4117.5,12957.0,409.17999267578125,1458785,558233,85814800.0
240,2023-04-14,4163.75,13181.25,412.4599914550781,4189.0,13255.0,415.0899963378906,4138.0,13058.0,410.05999755859375,4168.75,13183.0,412.80999755859375,1882896,627824,78129500.0
241,2023-04-17,4176.75,13186.5,413.94000244140625,4180.5,13218.0,413.9599914550781,4148.0,13076.75,411.0899963378906,4174.25,13212.5,412.3699951171875,1298123,540742,66436400.0
242,2023-04-18,4180.0,13193.0,414.2099914550781,4198.25,13298.75,415.7200012207031,4164.5,13138.0,412.7799987792969,4177.0,13184.0,415.5799865722656,1427797,576668,63560000.0
243,2023-04-19,4178.5,13183.0,414.1400146484375,4187.5,13226.75,415.0799865722656,4150.5,13065.0,412.1600036621094,4176.0,13170.5,412.2200012207031,1292622,529506,55227300.0
244,2023-04-20,4152.5,13074.25,411.8800048828125,4173.5,13200.0,413.70001220703125,4137.0,13021.75,410.2699890136719,4172.25,13162.0,411.2099914550781,1768379,680299,75840400.0
245,2023-04-21,4156.75,13090.5,412.20001220703125,4161.0,13122.0,412.67999267578125,4135.25,12982.5,410.1700134277344,4153.75,13089.0,412.19000244140625,1645161,593982,73436100.0
246,2023-04-24,4159.5,13056.5,412.6300048828125,4164.25,13134.0,413.07000732421875,4133.5,12967.25,410.6000061035156,4150.0,13070.0,411.989990234375,1328041,582286,64332100.0
247,2023-04-25,4093.25,12809.5,406.0799865722656,4158.5,13059.5,411.1600036621094,4091.5,12800.0,406.0199890136719,4157.25,13050.25,410.5799865722656,1770908,694266,97766700.0
248,2023-04-26,4076.0,12887.75,404.3599853515625,4116.25,13012.25,407.8399963378906,4068.75,12863.75,403.7799987792969,4110.25,12940.0,406.7200012207031,1814741,755124,80447000.0
249,2023-04-27,4153.75,13231.25,412.4100036621094,4166.5,13333.0,412.69000244140625,4080.75,12936.0,406.739990234375,4085.5,12965.0,407.0,1686692,728241,92968400.0
250,2023-04-28,4188.5,13320.25,415.92999267578125,4193.75,13336.0,415.94000244140625,4131.5,13169.0,411.42999267578125,4151.0,13215.0,411.489990234375,1753803,671058,89335600.0
251,2023-05-01,4185.75,13306.75,415.510009765625,4206.25,13370.25,417.6199951171875,4178.5,13258.75,415.2699890136719,4190.0,13317.0,415.4700012207031,1240490,487908,62122300.0
252,2023-05-02,4136.75,13184.5,410.8399963378906,4191.5,13334.75,414.82000732421875,4105.5,13110.25,407.82000732421875,4179.5,13290.0,414.7699890136719,1240490,487908,103767500.0
