,Date,Open,High,Low,Close,Volume,IBR,CCI,SMA50,SMA200,RSI2,RSI5,EMA8,ER,EMA_100,Stoch,StochAboveSlow,Sell,Buy,LongTradeIn,LongTradeOut,HoldLong,DaysInTrade,ProfitableCloses,RollingPnL,TradePnL,RunningMax,Drawdown
0,2022-04-20,14104.75,14298.0,13956.5,14004.75,604344.0,0.14128843338213762,,,,,,,,14004.75,,False,False,False,False,False,False,0,0,15000.0,0.0,15000.0,0.0
1,2022-04-21,14070.0,14283.0,13667.5,13728.25,685788.0,0.09870024370430544,,,,0.0,,,,13865.1175,,False,False,False,False,False,False,0,0,15000.0,0.0,15000.0,0.0
2,2022-04-22,13720.0,13781.0,13297.0,13353.5,732255.0,0.11673553719008264,,,,0.0,,,,13691.156294790177,,False,False,False,False,False,False,0,0,15000.0,0.0,15000.0,0.0
3,2022-04-25,13334.25,13549.75,13184.0,13535.75,749649.0,0.9617224880382775,,,,41.53846153846154,,,,13651.131482039298,,False,False,False,False,False,False,0,0,15000.0,0.0,15000.0,0.0
4,2022-04-26,13523.5,13583.75,12801.5,13016.0,755330.0,0.274209012464046,,,,12.328767123287676,13.926060071177645,,,13518.973840414472,,False,False,True,True,False,False,0,0,15000.0,0.0,15000.0,0.0
5,2022-04-27,12881.0,13255.25,12878.25,13009.0,817196.0,0.34681697612732093,,,,12.099585062240664,13.810637032209655,,,13429.672336548158,,False,False,True,False,False,True,1,0,14860.0,-140.0,15000.0,140.0
6,2022-04-28,13191.0,13542.0,13033.0,13454.75,756360.0,0.8285854616895875,,,,73.89718566711025,48.07031391173586,,,13433.47335665038,,False,False,False,False,False,True,2,0,23775.0,8775.0,23775.0,0.0
7,2022-04-29,13219.5,13433.0,12831.75,12852.0,723386.0,0.03367983367983368,,,,25.470143548798106,28.752417365482515,13323.34668252084,,13355.600605280859,,False,False,False,False,True,True,3,0,11720.0,-3280.0,23775.0,12055.0
8,2022-05-02,12892.25,13084.5,12709.75,13073.0,763818.0,0.9693128752501667,,,,49.66094110357646,39.83394172380327,13267.714086405098,,13321.630542046607,,False,False,False,False,False,False,0,0,11720.0,0.0,23775.0,12055.0
9,2022-05-03,13051.75,13183.75,12968.5,13087.5,662216.0,0.5528455284552846,,,,51.7173829307214,40.59175435687519,13227.666511648411,,13296.054726898,,False,False,False,False,False,False,0,0,11720.0,0.0,23775.0,12055.0
10,2022-05-04,13121.0,13555.25,12883.0,13531.25,703191.0,0.9642989959092599,,,,86.20659299199849,59.908770204362646,13295.129509059876,0.15333549222797926,13319.637697305981,,False,False,False,False,False,False,0,0,11720.0,0.0,23775.0,12055.0
11,2022-05-05,13500.25,13548.0,12705.25,12858.0,877795.0,0.18125185404924354,,,,27.215915463739478,37.05726926881864,13197.98961815768,0.24973097065786642,13276.796720165965,,False,False,False,False,False,False,0,0,11720.0,0.0,23775.0,12055.0
12,2022-05-06,12883.25,12928.75,12519.0,12695.75,852234.0,0.43136058572300184,,,,20.46581442511014,33.2380213943819,13086.38081412264,0.20100848040339217,13226.542867786908,,False,False,False,False,False,False,0,0,11720.0,0.0,23775.0,12055.0
13,2022-05-09,12605.0,12637.25,12135.25,12193.75,816033.0,0.11653386454183266,,,,8.074110566312314,23.765268907111178,12888.018410984276,0.37360801781737196,13142.802525096573,2.7048896081377873,False,False,True,True,False,False,0,0,11720.0,0.0,23775.0,12055.0
14,2022-05-10,12206.0,12547.0,12102.25,12349.0,853859.0,0.554806070826307,,,,33.12082602344036,31.33082351968808,12768.23654187666,0.2066615027110767,13082.156238073667,11.314914593603119,False,False,False,False,False,True,1,0,14825.0,3105.0,23775.0,8950.0
15,2022-05-11,12328.75,12553.25,11938.5,11969.75,865890.0,0.0508336722244815,,,,14.207748952730583,24.044510409591155,12590.795088126291,0.2887006042086256,13001.721161227688,1.6960651289009498,False,False,True,False,False,True,2,0,7240.0,-4480.0,23775.0,16535.0
16,2022-05-12,12004.5,12132.75,11689.0,11947.25,878238.0,0.5819718309859155,,,,13.30617532656268,23.6368555143748,12447.785068542671,0.47457893908389737,12929.278819933901,13.629766459955139,True,False,False,False,True,True,3,0,6790.0,-4930.0,23775.0,16985.0
17,2022-05-13,11891.5,12432.0,11891.5,12382.75,663517.0,0.9088806660499538,,,,74.91839622609797,45.84930352691725,12433.332831088745,0.15593586441804436,12893.482572082003,36.614329067159254,True,False,False,False,False,False,0,0,6790.0,0.0,23775.0,16985.0
18,2022-05-16,12409.0,12498.75,12190.25,12244.75,623715.0,0.1766612641815235,,,,51.6535643386947,41.11247969663493,12391.425535291246,0.2830414352840666,12852.84900843696,29.778968519758873,True,False,False,False,False,False,0,0,6790.0,0.0,23775.0,16985.0
19,2022-05-17,12235.5,12578.0,12234.0,12560.25,653222.0,0.9484011627906976,-62.6246744334486,,,80.02141536007403,54.53566590181622,12428.942083004302,0.16337438996049267,12835.274743998909,46.68452779638312,True,False,False,False,False,False,0,0,6790.0,0.0,23775.0,16985.0
20,2022-05-18,12572.0,12594.0,11862.75,11935.5,735386.0,0.09948717948717949,-95.88494947668171,,,24.075275035065573,34.86442465191102,12319.288286781124,0.4682021565319445,12783.32350171322,13.208305425318152,False,False,False,False,False,False,0,0,6790.0,0.0,23775.0,16985.0
21,2022-05-19,11907.0,12076.75,11704.0,11878.25,827741.0,0.4674714956405097,-117.82896215589548,,,21.340800800481517,33.48108169268701,12221.27977860754,0.3508819052735249,12732.976294802005,10.14065639651708,False,False,False,False,False,False,0,0,6790.0,0.0,23775.0,16985.0
22,2022-05-20,11898.0,12096.75,11491.25,11840.75,806781.0,0.5772089182493807,-115.14399335751419,,,18.576683148245294,32.427597731751575,12136.717605583643,0.32052483598875353,12685.060374145502,16.933139534883722,True,False,False,False,False,False,0,0,6790.0,0.0,23775.0,16985.0
23,2022-05-23,11866.0,12075.5,11783.75,12035.25,660213.0,0.8620394173093402,-85.64305432029701,,,65.25689300565543,43.87666853337181,12114.169248787277,0.06716101694915254,12651.307390422391,26.356589147286822,True,False,False,False,False,False,0,0,6790.0,0.0,23775.0,16985.0
24,2022-05-24,11915.0,11918.0,11576.25,11771.0,717429.0,0.5698610095098756,-106.41493203020235,,,25.51298139310647,34.07250845602799,12037.909415723438,0.2341028756581612,12607.005637106831,13.6015558526802,False,False,False,False,False,False,0,0,6790.0,0.0,23775.0,16985.0
25,2022-05-25,11808.0,12036.0,11672.0,11942.25,671096.0,0.742445054945055,-81.6493313521548,,,58.37287753417606,44.17702074962711,12016.651767784897,0.012162759840778416,12574.542479366379,31.37391304347826,True,False,False,False,False,False,0,0,6790.0,0.0,23775.0,16985.0
26,2022-05-26,11887.5,12343.0,11848.25,12279.25,611884.0,0.8711470439615968,-36.20329881970284,,,84.78685750658536,59.46086533175713,12075.006930499365,0.12890700834789362,12560.528808102341,68.760907504363,True,False,False,False,False,False,0,0,6790.0,0.0,23775.0,16985.0
27,2022-05-27,12250.0,12720.25,12222.0,12677.75,615992.0,0.9147014550928249,34.78505887646173,,,93.91637907560803,71.14026229074645,12208.94983483284,0.1162103604490841,12565.942061515452,96.54190398698128,True,False,False,False,False,False,0,0,6790.0,0.0,23775.0,16985.0
28,2022-05-31,12705.25,12883.0,12480.0,12646.5,832388.0,0.413151364764268,64.2415030509031,,,85.83738557085992,69.1863805886204,12306.183204869987,0.16521023953942635,12569.566604904758,83.00700556852883,True,False,False,False,False,False,0,0,6790.0,0.0,23775.0,16985.0
29,2022-06-01,12662.5,12823.5,12454.75,12551.0,682211.0,0.26101694915254237,62.08979768473453,,,56.258249769013865,62.6168083292069,12360.586937121101,0.004182208658302249,12568.751764302135,76.14514100952039,False,False,False,False,False,False,0,0,6790.0,0.0,23775.0,16985.0
30,2022-06-02,12549.75,12903.75,12442.5,12893.75,620008.0,0.978319783197832,106.04266811207607,,,87.40703436794303,73.784415561785,12479.067617760857,0.4965669128125405,12582.679642895442,99.29203539823008,True,False,False,False,False,False,0,0,6790.0,0.0,23775.0,16985.0
31,2022-06-03,12896.0,12945.25,12503.0,12551.0,652955.0,0.10853589598643301,98.18709798605937,,,36.05583934664308,53.72325395896043,12495.052591591777,0.30369032840537186,12581.35259682161,72.88514442916093,False,False,False,False,False,False,0,0,6790.0,0.0,23775.0,16985.0
32,2022-06-06,12549.75,12810.0,12527.0,12605.0,536936.0,0.2756183745583039,95.52783474421639,,,46.044090983646775,56.07520094088798,12519.485349015828,0.3424442701915537,12582.32176929825,76.5990371389271,False,False,True,True,False,False,0,0,6790.0,0.0,23775.0,16985.0
33,2022-06-07,12605.25,12740.25,12412.5,12711.5,577970.0,0.9122807017543859,80.95745976087859,,,66.61418891273918,60.96593807821739,12562.155271456755,0.3154518950437318,12587.50623084044,83.92365887207703,True,False,False,False,False,True,1,0,8920.0,2130.0,23775.0,14855.0
34,2022-06-08,12680.5,12783.0,12579.25,12615.75,583652.0,0.17914110429447852,81.3461573894942,,,39.52158048951921,54.18565184682226,12574.065211133033,0.42766738387545883,12588.617183080436,77.33837689133425,False,False,False,False,False,True,2,0,7005.0,215.0,23775.0,16770.0
35,2022-06-09,12625.0,12726.0,12255.25,12275.0,690155.0,0.04195432819968136,25.37810164310204,,,10.147396972291986,36.251140813098175,12507.606275325692,0.1551462874460893,12576.517568486717,53.90302613480055,False,False,False,False,True,True,3,0,190.0,-6600.0,23775.0,23585.0
36,2022-06-10,12301.5,12338.75,11823.0,11840.0,617395.0,0.03296170625302957,-69.50000094030716,,,3.501946661689317,23.722025389228037,12359.249325253317,0.1958533050941924,12548.625875684218,19.265887509130753,False,False,True,True,False,False,0,0,190.0,0.0,23775.0,23585.0
37,2022-06-13,11768.0,11772.5,11254.5,11296.5,530220.0,0.08108108108108109,-162.72132515962625,,,1.3282672036275471,15.40608551570675,12123.082808530358,0.5784734582766202,12502.04977901286,2.4841046872689634,False,False,True,False,False,True,1,0,-10680.0,-10870.0,23775.0,34455.0
38,2022-06-14,11334.25,11505.5,11205.0,11314.25,378134.0,0.36356073211314477,-152.8280489704821,,,5.17283518581938,16.599623940112977,11943.3421844125,0.5611245656523113,12458.62191501803,6.277833644591294,False,False,True,False,False,True,2,0,-10325.0,-10515.0,23775.0,34100.0
39,2022-06-15,11329.75,11759.25,11327.75,11593.75,265812.0,0.6164542294322132,-102.54001090961982,,,57.420603338021955,34.72665308235645,11865.655032320834,0.3741815694322291,12427.52203367399,22.33874443327108,True,False,False,False,True,True,3,0,-4735.0,-4925.0,23775.0,28510.0
40,2022-06-16,11608.5,11737.75,11036.75,11124.75,146538.0,0.12553495007132667,-126.4831398562742,,,20.15407688776486,23.852532168984155,11701.00946958287,0.6589681504935743,12381.420585647695,4.610951008645533,False,False,False,False,False,False,0,0,-4735.0,0.0,23775.0,28510.0
41,2022-06-17,11178.5,11290.0,11130.25,11130.3896484375,731831.0,0.0008741686228482004,-128.5043822456156,,,21.381196168918393,24.209259661278864,11574.2050648839,0.6051872779229921,12337.82948653678,4.906452629682997,False,False,True,True,False,False,0,0,-4735.0,0.0,23775.0,28510.0
43,2022-06-21,11332.5,11678.25,11273.75,11577.25,657209.0,0.7503090234857849,-78.13299832581546,,,77.11559965137482,48.23010182144434,11574.881717131922,0.37505702034485905,12311.720483060755,28.320670683783074,True,False,False,False,False,True,1,0,4202.20703125,8937.20703125,23775.0,19572.79296875
44,2022-06-22,11579.75,11745.75,11320.5,11565.75,638960.0,0.5767195767195767,-67.69930256285497,,,74.40084366872485,47.743335117129845,11572.852446658162,0.43313486437954823,12286.479617901357,27.718103222425988,True,False,False,False,False,True,2,0,3972.20703125,8707.20703125,23775.0,19802.79296875
45,2022-06-23,11542.75,11766.75,11460.5,11737.5,630125.0,0.9044897959183673,-52.060832845532445,,,87.52185761140119,56.028206705071014,11609.440791845238,0.3227377124483234,12268.161275638091,36.717317264867695,True,False,False,False,True,True,3,0,7407.20703125,12142.20703125,23775.0,16367.79296875
46,2022-06-24,11687.75,12148.5,11684.75,12140.5,563303.0,0.9827493261455525,-9.390761554672588,,,96.33573446475515,69.98533140081219,11727.453949212962,0.04832045985270343,12263.958491411597,62.24446637529959,True,False,False,False,False,False,0,0,7407.20703125,0.0,23775.0,16367.79296875
47,2022-06-27,12137.5,12262.0,11994.25,12040.5,565803.0,0.17273576097105509,5.077154242461235,,,71.33108286309138,63.71266068781314,11797.019738276747,0.08188686951194608,12256.697195279388,57.48031496062992,True,False,False,False,False,False,0,0,7407.20703125,0.0,23775.0,16367.79296875
48,2022-06-28,12076.25,12174.25,11661.5,11674.25,634694.0,0.024865919063871283,-25.570770476620943,,,24.586260906069626,45.17571590880151,11769.737574215247,0.16631810676940012,12238.007767525996,36.506800286327845,False,False,False,False,False,False,0,0,7407.20703125,0.0,23775.0,16367.79296875
49,2022-06-29,11680.5,11749.0,11564.5,11691.0,590173.0,0.6856368563685636,-43.42870431367939,,,28.85098332204693,46.0726665638911,11752.240335500748,0.1659508864662482,12220.668537759408,38.73020571259435,False,False,False,False,False,False,0,0,7407.20703125,0.0,23775.0,16367.79296875
50,2022-06-30,11691.5,11696.75,11351.0,11529.5,738071.0,0.5162689804772235,-57.71474422443962,12346.24779296875,,13.800957845893961,38.484320430852634,11702.742483167249,0.0298524799628296,12199.017224583278,37.845622119815665,True,False,False,False,False,False,0,0,7407.20703125,0.0,23775.0,16367.79296875
51,2022-07-01,11507.5,11629.75,11381.75,11611.25,605401.0,0.9254032258064516,-50.492974350269535,12298.37779296875,,43.59096088939418,44.290110502627506,11682.410820241194,0.2756373937677054,12180.814785319282,46.888390124464394,True,False,False,False,False,False,0,0,7407.20703125,0.0,23775.0,16367.79296875
52,2022-07-05,11606.0,11815.75,11389.25,11808.5,790937.0,0.9830011723329426,-24.566688567617675,12259.98279296875,,78.85509097158449,56.63426785007003,11710.430637965374,0.34657403862806824,12169.41198017171,62.98714548051418,True,False,False,False,False,False,0,0,7407.20703125,0.0,23775.0,16367.79296875
53,2022-07-06,11820.25,11974.25,11727.75,11880.25,649912.0,0.6186612576064908,17.95591531807753,12230.51779296875,,85.46540715037882,60.603460135096135,11748.168273973068,0.1915902624091053,12160.650717137198,68.84309324627627,True,False,False,False,False,False,0,0,7407.20703125,0.0,23775.0,16367.79296875
54,2022-07-07,11901.25,12168.5,11836.5,12138.5,550463.0,0.9096385542168675,68.43301100170767,12202.57279296875,,95.52840438821093,72.09476932656848,11834.908657534608,0.31327772460002734,12159.986548496523,89.92042440318302,True,False,False,False,False,False,0,0,7407.20703125,0.0,23775.0,16367.79296875
55,2022-07-08,12115.0,12211.0,11952.5,12152.0,640445.0,0.7717601547388782,98.53207248518609,12185.29279296875,,95.83023254540927,72.61668566569492,11905.373400304696,0.24820359281437127,12159.749492992158,90.28053898829246,True,False,False,False,False,False,0,0,7407.20703125,0.0,23775.0,16367.79296875
56,2022-07-11,12149.75,12149.75,11853.0,11884.25,578336.0,0.10530749789385004,76.11798976433245,12162.79779296875,,26.05881265785675,49.6123100778953,11900.679311348096,0.16696530379540642,12151.65215997074,61.77586643055907,False,False,False,False,False,False,0,0,7407.20703125,0.0,23775.0,16367.79296875
57,2022-07-12,11900.5,12025.5,11712.0,11779.0,607949.0,0.21371610845295055,45.45924352260309,12129.28279296875,,16.57266345770148,42.92985449240501,11873.639464381851,0.1698051948051948,12140.80340195269,48.698884758364315,False,False,True,True,False,False,0,0,7407.20703125,0.0,23775.0,16367.79296875
58,2022-07-13,11780.0,11970.0,11479.25,11762.25,732270.0,0.5766683647478349,11.646053046226347,12107.48779296875,,14.851832989684581,41.80957821970529,11848.886250074775,0.07391852162956741,12129.884503596697,45.142700329308454,False,False,False,False,False,True,1,0,7072.20703125,-335.0,23775.0,16702.79296875
59,2022-07-14,11729.5,11835.0,11511.25,11797.5,654560.0,0.8841698841698842,-0.9905505107043355,12081.97779296875,,40.74748582216263,45.54756168499357,11837.467083391492,0.0880893300248139,12120.383197826432,49.01207464324918,True,False,False,False,False,True,2,0,7777.20703125,370.0,23775.0,15997.79296875
60,2022-07-15,11810.5,12021.5,11740.25,12007.5,560980.0,0.9502222222222222,61.08591547378607,12060.37779296875,,87.18480057790264,63.16702993365645,11875.25217597116,0.3801192842942346,12117.18449462824,72.06366630076839,True,False,False,False,True,True,3,0,11977.20703125,4570.0,23775.0,11797.79296875
61,2022-07-18,12043.5,12186.5,11857.0,11907.0,553676.0,0.15174506828528073,73.05110122283,12027.89279296875,,49.81615867363849,52.92288416113683,11882.30724797757,0.2317335945151812,12111.279022939234,64.65116279069767,True,False,False,False,False,False,0,0,11977.20703125,0.0,23775.0,11797.79296875
62,2022-07-19,11909.5,12328.5,11889.5,12274.0,585591.0,0.8758542141230068,127.51608097652226,12016.21279296875,,87.85005558909383,72.9485206439901,11969.35008176033,0.3219225449515906,12115.813320388099,94.42455242966751,True,False,False,False,False,False,0,0,11977.20703125,0.0,23775.0,11797.79296875
63,2022-07-20,12330.5,12517.5,12235.75,12465.25,643607.0,0.8145519077196096,189.4785257767819,12011.60279296875,,93.2119436140092,78.81788631266758,12079.550063591369,0.3736825295432769,12125.472651752372,95.52078868409772,True,False,False,False,False,False,0,0,11977.20703125,0.0,23775.0,11797.79296875
64,2022-07-21,12440.0,12655.25,12373.5,12640.0,605066.0,0.9458740017746229,204.27780540361363,12020.52779296875,,96.24236791882544,83.02462299945375,12204.094493904398,0.3383940620782726,12139.58486689744,98.80251276010993,True,False,False,False,False,False,0,0,11977.20703125,0.0,23775.0,11797.79296875
65,2022-07-22,12559.25,12698.5,12343.75,12423.5,634548.0,0.2248062015503876,158.24650681920906,12022.01779296875,,45.69506372751117,63.49594808911189,12252.851273036755,0.16112759643916913,12147.313026724836,78.9956081726179,False,False,False,False,False,False,0,0,11977.20703125,0.0,23775.0,11797.79296875
66,2022-07-25,12444.5,12498.5,12266.5,12354.5,491612.0,0.3793103448275862,108.4262954538231,12029.71279296875,,34.23428463023674,58.05577756729414,12275.439879028589,0.31640033641715726,12152.91112218616,71.7859339758048,False,False,True,True,False,False,0,0,11977.20703125,0.0,23775.0,11797.79296875
67,2022-07-26,12311.25,12334.0,12072.0,12112.5,536287.0,0.15458015267175573,51.981852073294924,12033.01779296875,,12.406850716888655,42.203510880467604,12239.231017022235,0.20548367221195318,12151.82705679795,51.937666598318636,False,False,True,False,False,True,1,0,7137.20703125,-4840.0,23775.0,16637.79296875
68,2022-07-27,12192.0,12690.0,12191.75,12619.0,634889.0,0.8575012543903663,120.28097794119921,12037.74279296875,,76.12562909444424,66.28693579592522,12323.624124350628,0.4055141403384215,12164.271986754247,93.47959811359442,True,False,False,False,False,True,2,0,17267.20703125,5290.0,23775.0,6507.79296875
69,2022-07-28,12580.0,12948.0,12449.0,12737.5,645261.0,0.5781563126252505,148.79667914668465,12047.59779296875,,82.18837887659838,69.94899006670003,12415.5965411616,0.42805100182149364,12179.438407080701,85.66808510638297,True,False,False,False,True,True,3,0,19637.20703125,7660.0,23775.0,4137.79296875
70,2022-07-29,12920.25,13012.0,12744.25,12971.5,592416.0,0.8487394957983193,167.84747235472483,12055.82279296875,,91.10716187958307,76.30276404228212,12539.130643125689,0.43423423423423424,12200.25614692453,97.35769042570543,True,False,False,False,False,False,0,0,19637.20703125,0.0,23775.0,4137.79296875
71,2022-08-01,12981.0,13108.75,12851.75,12962.5,622511.0,0.43093385214007784,156.39908785340586,12076.36279296875,,87.72808969603697,75.53494781221985,12633.212722431092,0.49588912379610056,12220.161183120126,91.02485424976987,False,False,False,False,False,False,0,0,19637.20703125,0.0,23775.0,4137.79296875
72,2022-08-02,12974.25,13097.0,12814.75,12924.5,674564.0,0.3888396811337467,130.90229079008878,12097.28779296875,,66.80502987698999,71.72566929706011,12697.943228557517,0.3614893025840511,12238.438738874069,88.46635367762129,False,False,False,False,False,False,0,0,19637.20703125,0.0,23775.0,4137.79296875
73,2022-08-03,12921.0,13310.25,12867.25,13271.5,690056.0,0.912528216704289,147.80595061644584,12125.90279296875,,93.80198774278742,82.05533157775922,12825.400288878069,0.4123513617184503,12265.082818056666,97.53184713375796,True,False,False,False,False,False,0,0,19637.20703125,0.0,23775.0,4137.79296875
74,2022-08-04,13247.0,13356.0,13184.75,13327.0,542680.0,0.8306569343065694,149.82123903692542,12151.73779296875,,95.08155675708417,83.27681166567942,12936.866891349608,0.3741830065359477,12292.308068355303,98.0653769179453,True,False,False,False,False,False,0,0,19637.20703125,0.0,23775.0,4137.79296875
75,2022-08-05,13327.25,13384.5,13085.0,13228.75,687792.0,0.47996661101836396,122.79219354352725,12180.89279296875,,54.93063739549002,72.37520846727269,13001.729804383029,0.468781836704992,12316.17710964296,89.58193979933111,False,False,False,False,False,False,0,0,19637.20703125,0.0,23775.0,4137.79296875
76,2022-08-08,13227.75,13419.25,13120.5,13183.25,597182.0,0.2100418410041841,110.68695131677623,12205.71279296875,,39.48667823839441,67.2769546178231,13042.067625631245,0.48915449313855686,12338.153018895924,82.48283540545556,False,False,True,True,False,False,0,0,19637.20703125,0.0,23775.0,4137.79296875
77,2022-08-09,13206.25,13233.75,12963.25,13031.5,553704.0,0.25231053604436227,76.74421363196717,12220.75779296875,,13.732639922382148,52.00474393594599,13039.719264379857,0.5729426433915212,12355.628987062286,71.21915012061606,False,False,True,False,False,True,1,0,16602.20703125,-3035.0,23775.0,7172.79296875
78,2022-08-10,13050.0,13408.0,12982.0,13392.0,602069.0,0.9624413145539906,95.13799779934874,12235.04279296875,,78.95330448521712,71.330653905161,13118.003872295445,0.5301783264746228,12381.610568972004,97.97736129151976,True,False,False,False,False,True,2,0,23812.20703125,4175.0,23812.20703125,0.0
79,2022-08-11,13380.5,13575.0,13285.0,13311.25,614816.0,0.09051724137931035,106.314593402866,12248.33779296875,,58.97791058945458,64.10344985663987,13160.94745622979,0.4039781728568914,12404.794287841452,82.45176314038589,False,False,False,False,True,True,3,0,22197.20703125,2560.0,23812.20703125,1615.0
80,2022-08-12,13344.25,13583.25,13312.0,13577.75,500647.0,0.9797235023041475,112.92648133862136,12268.87279296875,,84.63577214966784,74.68478425544735,13253.57024373428,0.41731199449320255,12433.896444306045,99.63606286186932,True,False,False,False,False,False,0,0,22197.20703125,0.0,23812.20703125,1615.0
81,2022-08-15,13571.5,13706.0,13495.25,13681.25,463768.0,0.8825622775800712,127.60098945100621,12284.62279296875,,89.65943185836278,77.85390020422363,13348.610189571107,0.4645338503797059,12464.69023717475,98.36552748885588,True,False,False,False,False,False,0,0,22197.20703125,0.0,23812.20703125,1615.0
82,2022-08-16,13674.75,13740.75,13522.75,13658.25,555979.0,0.6215596330275229,121.04695331216335,12306.76779296875,,78.28326651601388,75.23759211838609,13417.419036333084,0.4788709414260075,12494.012756560665,93.61331526998258,False,False,False,False,False,False,0,0,22197.20703125,0.0,23812.20703125,1615.0
83,2022-08-17,13658.0,13672.0,13406.25,13493.25,610667.0,0.3273753527751646,91.41802862384671,12324.53279296875,,27.755294961109257,57.814926288910506,13434.270361592398,0.16422884650990557,12518.444873383625,75.16307074761666,False,False,False,False,False,False,0,0,22197.20703125,0.0,23812.20703125,1615.0
84,2022-08-18,13503.0,13575.5,13410.75,13523.25,530513.0,0.6828528072837633,80.95994553500525,12340.76779296875,,41.48848869346285,59.92409066610518,13454.043614571865,0.14814115870919042,12542.899445134097,76.51187904967603,False,False,False,False,False,False,0,0,22197.20703125,0.0,23812.20703125,1615.0
85,2022-08-19,13534.25,13534.5,13228.75,13268.5,618758.0,0.13000817661488143,45.95539971711952,12353.82279296875,,9.811845390733083,39.14799018244697,13412.81170022256,0.026835443037974683,12560.479105217302,49.00107991360691,False,False,True,True,False,False,0,0,22197.20703125,0.0,23812.20703125,1615.0
86,2022-08-22,13226.5,13226.5,12874.5,12909.75,599946.0,0.10014204545454546,-33.49321232312761,12366.51779296875,,3.1144760608591895,24.310844516392933,13301.020211284213,0.15241014210086376,12568.90386298493,4.865483686319405,False,False,True,False,False,True,1,0,15022.20703125,-7175.0,23812.20703125,8790.0
87,2022-08-23,12933.75,13018.5,12823.5,12896.5,570278.0,0.37435897435897436,-73.10886700467444,12387.64779296875,,2.9649801521258468,23.89278165798322,13211.126830998832,0.08152173913043478,12576.771822511426,7.958571817934042,False,False,True,False,False,True,2,0,14757.20703125,-7440.0,23812.20703125,9055.0
88,2022-08-24,12892.0,13011.25,12825.75,12929.75,503227.0,0.5606469002695418,-84.05338480987633,12420.31279296875,,21.80317194946042,27.788041624166155,13148.598646332424,0.34788334901222956,12585.213803683479,11.58353774870537,True,False,False,False,True,True,3,0,15422.20703125,-6775.0,23812.20703125,8390.0
89,2022-08-25,12944.0,13161.5,12925.0,13156.0,543666.0,0.9767441860465116,-46.9777334366753,12457.14779296875,,78.52932553290896,49.68961061834519,13150.243391591885,0.10530778361878922,12598.809040081956,36.24965930771327,True,False,False,False,False,False,0,0,15422.20703125,0.0,23812.20703125,8390.0
90,2022-08-26,13153.75,13220.0,12557.5,12620.5,753862.0,0.09509433962264151,-132.4557299141397,12477.68279296875,,17.7108829271522,26.18937719799669,13032.522637904798,0.5491180266743152,12599.32361811355,5.3243186139869,False,False,False,False,False,False,0,0,15422.20703125,0.0,23812.20703125,8390.0
91,2022-08-29,12485.0,12610.25,12401.5,12492.75,693093.0,0.437125748502994,-194.8008890881249,12505.04279296875,,12.932207602026537,22.95235758686762,12912.573162814842,0.6724186704384724,12596.805230558699,6.813515027067388,False,False,False,False,False,False,0,0,15422.20703125,0.0,23812.20703125,8390.0
92,2022-08-30,12503.5,12658.25,12247.5,12358.75,797462.0,0.27084601339014,-187.20489075002848,12529.61,,8.257944478458683,19.75145056928237,12789.501348855989,0.6917753526750067,12591.201321823912,7.4501925330654615,True,False,True,True,False,False,0,0,15422.20703125,0.0,23812.20703125,8390.0
93,2022-08-31,12366.0,12513.0,12276.25,12285.25,672068.0,0.03801478352692714,-166.04561704580945,12543.77,,5.913277044514331,18.02768474598821,12677.445493554658,0.6759932848349188,12584.025938225635,2.528042859534572,False,False,True,False,False,True,1,0,13952.20703125,-1470.0,23812.20703125,9860.0
94,2022-09-01,12284.75,12299.5,12017.75,12292.25,820606.0,0.974267968056788,-166.7760475707494,12558.3,,10.740574668675976,18.870589116924023,12591.846494986958,0.6978458049886621,12577.207896340436,15.931514799767847,True,False,False,False,False,True,2,0,14092.20703125,-1330.0,23812.20703125,9720.0
95,2022-09-02,12297.75,12461.5,12040.25,12104.25,835870.0,0.1519287833827893,-140.6334810062832,12565.635,,2.859643989011502,14.028007774472059,12483.491718323188,0.6859625865370452,12566.195369300125,5.02031340684852,False,False,True,False,True,True,3,0,10332.20703125,-5090.0,23812.20703125,13480.0
96,2022-09-06,12110.5,12244.5,11930.0,12019.0,895450.0,0.28298887122416533,-139.43639333479558,12563.205,,1.7170381050998316,12.246635067705299,12380.27133647359,0.6256365232660228,12553.498484921813,5.109070034443169,False,False,True,True,False,False,0,0,10332.20703125,0.0,23812.20703125,13480.0
97,2022-09-07,12019.75,12306.25,11921.5,12263.25,677159.0,0.8882391163092918,-108.30948137908285,12567.66,,70.12288989318462,39.67961989917026,12354.266595035015,0.3826862063755854,12546.786516118087,20.662031438935912,True,False,False,False,False,True,1,0,15217.20703125,4885.0,23812.20703125,8595.0
98,2022-09-08,12267.75,12379.5,12115.75,12321.75,737024.0,0.781042654028436,-82.23829959345058,12580.61,,77.59329695179832,44.84199047704739,12347.040685027234,0.3619047619047619,12541.599802995148,24.81401115933044,True,False,False,False,False,True,2,0,16387.20703125,6055.0,23812.20703125,7425.0
99,2022-09-09,12345.25,12613.75,12329.5,12592.5,535984.0,0.9252418645558487,-44.03709746372696,12598.64,,93.2396970625302,63.10789422396318,12401.587199465626,0.32676138011017686,12542.769170745507,51.417624521072796,True,False,False,False,True,True,3,0,21802.20703125,11470.0,23812.20703125,2010.0
100,2022-09-12,12626.0,12773.75,12573.25,12740.75,444255.0,0.8354114713216958,-13.642251932290877,12622.865,,96.16915507427404,69.92467283249641,12476.956710695487,0.0899233501589082,12547.303149611806,63.092029264536,True,False,False,False,False,False,0,0,21802.20703125,0.0,23812.20703125,2010.0
101,2022-09-13,12769.5,12889.0,12003.25,12036.5,463841.0,0.0375388089189952,-64.88282358188715,12631.37,,18.793966598736844,33.341834316820396,12379.077441652045,0.23840627041149576,12535.641336711806,8.856372737774356,False,False,False,False,False,False,0,0,21802.20703125,0.0,23812.20703125,2010.0
102,2022-09-14,12050.25,12173.0,12001.75,12142.0,270232.0,0.8189781021897811,-90.33167435101704,12638.04,,34.56709155705401,39.289497937318956,12326.39356572937,0.1149714891924148,12526.681502257878,16.9811320754717,False,False,False,False,False,False,0,0,21802.20703125,0.0,23812.20703125,2010.0
103,2022-09-15,12159.0,12187.75,11866.5,11934.75,169928.0,0.21245136186770427,-102.750845378101,12639.13,,19.60546776435811,32.22824472561,12239.361662233954,0.17360079247152055,12513.248058162648,5.042482452899889,False,False,True,True,False,False,0,0,21802.20703125,0.0,23812.20703125,2010.0
104,2022-09-16,11880.0,11880.0,11750.5,11814.580078125,754923.0,0.4948268581081081,-130.66001743880054,12632.6516015625,,13.053476424182719,28.513968305522283,12144.965754654186,0.224029950415464,12497.438036206235,5.628465360122969,False,False,False,False,False,True,1,0,19398.80859375,-2403.3984375,23812.20703125,4413.3984375
105,2022-09-19,11920.0,12066.25,11792.25,12024.0,632663.0,0.8458029197080292,-97.23161657348449,12630.0916015625,,59.836081087708365,42.85942561777083,12118.084475842144,0.037263362953208576,12486.754898249144,24.022837066315326,True,False,False,False,False,True,2,0,23587.20703125,1785.0,23812.20703125,225.0
106,2022-09-20,12045.75,12092.5,11828.25,11922.25,704882.0,0.35572374645222327,-93.75070022740893,12630.8516015625,,39.29212391207581,38.20333979246646,12074.56570343278,0.04458340758501142,12474.051933657684,15.085638998682477,True,False,False,False,True,True,3,0,21552.20703125,-250.0,23812.20703125,2260.0
107,2022-09-21,11946.0,12140.5,11647.5,11710.0,822965.0,0.12677484787018256,-112.15595352265518,12629.4716015625,,16.15364577940025,29.770345605566362,11993.55110266994,0.25875900473370833,12456.904905391795,5.034232782923882,False,False,False,False,False,False,0,0,21552.20703125,0.0,23812.20703125,2260.0
108,2022-09-22,11661.25,11796.0,11510.0,11565.5,786180.0,0.19405594405594406,-149.56779285057235,12625.5366015625,,8.965159478476238,25.06238310253387,11898.428635409955,0.34002673144035395,12436.952471986528,4.024655547498187,False,False,True,True,False,False,0,0,21552.20703125,0.0,23812.20703125,2260.0
109,2022-09-23,11583.75,11600.25,11229.0,11376.75,799378.0,0.397979797979798,-187.98516342032033,12617.1216015625,,4.145620247670934,19.919029152092136,11782.500049763297,0.5675532254387965,12413.282915128164,8.900602409638553,True,False,True,False,False,True,1,0,17777.20703125,-3775.0,23812.20703125,6035.0
110,2022-09-26,11362.5,11537.75,11256.5,11316.25,809853.0,0.21244444444444444,-172.23195115357717,12603.2966015625,,3.0831067199518003,18.405631042270784,11678.888927593676,0.6934101017092246,12388.85275013971,5.256024096385542,False,False,True,False,False,True,2,0,16567.20703125,-4985.0,23812.20703125,7245.0
111,2022-09-27,11315.5,11568.25,11233.5,11333.75,841073.0,0.2994772218073189,-147.1878609386965,12591.8316015625,,15.597578610221206,20.58719643488898,11602.191388128414,0.5138602068534117,12365.414171632723,6.3102409638554215,False,False,True,False,True,True,3,0,16917.20703125,-4635.0,23812.20703125,6895.0
112,2022-09-28,11361.0,11613.5,11141.5,11555.75,897742.0,0.8776483050847458,-118.2828568875113,12577.4666015625,,80.26185073083388,44.231325016637356,11591.871079655433,0.3950232544673056,12347.471175877123,23.705293276108726,True,False,False,False,False,False,0,0,16917.20703125,0.0,23812.20703125,6895.0
113,2022-09-29,11544.0,11567.25,11091.5,11228.25,891823.0,0.28744088281660535,-128.78943305922164,12552.7266015625,,24.61668732023861,28.554090418797273,11511.066395287558,0.4403680446834879,12322.726450780612,7.60778859527121,False,False,False,False,False,False,0,0,16917.20703125,0.0,23812.20703125,6895.0
114,2022-09-30,11220.0,11357.25,11024.25,11035.5,878168.0,0.033783783783783786,-136.8208159924732,12520.6366015625,,13.55486712302256,22.648405903744617,11405.384974112545,0.4645899115169995,12294.332818682551,0.6032980292264378,False,False,True,True,False,False,0,0,16917.20703125,0.0,23812.20703125,6895.0
115,2022-10-03,11030.0,11358.25,10890.75,11285.75,757581.0,0.8449197860962567,-113.89361333899947,12497.8816015625,,60.105209007405364,42.08709505670767,11378.799424309756,0.42977732498908455,12272.13558313177,30.454895913646876,True,False,False,False,False,True,1,0,21922.20703125,5005.0,23812.20703125,1890.0
116,2022-10-04,11314.5,11675.0,11281.5,11640.75,772885.0,0.9129606099110547,-46.313038848853644,12483.6066015625,,84.21758594903022,59.93897744718999,11437.010663352034,0.1428209030948757,12258.27042487547,57.82575173477255,True,False,False,False,False,True,2,0,29022.20703125,12105.0,29022.20703125,0.0
117,2022-10-05,11630.25,11711.0,11366.5,11623.75,700889.0,0.7467343976777939,-35.70806659164633,12473.8316015625,,79.60931224131708,58.85303180029088,11478.508293718247,0.048571026326904125,12244.366429412577,58.651730346069215,True,False,False,False,True,True,3,0,28682.20703125,11765.0,29022.20703125,340.0
118,2022-10-06,11628.0,11729.75,11505.25,11541.75,773914.0,0.16258351893095768,-26.62148046092756,12452.2866015625,,52.10462632844029,53.057172847690524,11492.562006225304,0.013862541952429593,12229.002700165845,52.090418083616726,False,False,False,False,False,False,0,0,28682.20703125,0.0,29022.20703125,340.0
119,2022-10-07,11494.5,11564.5,11043.25,11101.5,759141.0,0.11175059952038369,-87.8307476940061,12419.5666015625,,11.062866041015027,31.944576987719046,11405.659338175237,0.14009415956228527,12204.399008834862,16.863372674534908,False,False,True,True,False,False,0,0,28682.20703125,0.0,29022.20703125,340.0
120,2022-10-10,11067.75,11136.5,10876.75,10984.5,757732.0,0.41482194417709334,-134.41390325644747,12379.8266015625,,7.798084515026758,28.214889880326908,11312.068374136295,0.16413110698824984,12177.832748897008,8.526211671612264,False,False,False,False,False,True,1,0,26342.20703125,-2340.0,29022.20703125,2680.0
121,2022-10-11,10987.0,11039.5,10767.25,10845.0,833906.0,0.28558310376492196,-148.75973995689762,12337.4766015625,,4.577071372481598,24.032926095503072,11208.275402106008,0.2280415257202846,12148.864308407487,7.55771567436209,False,False,True,False,False,True,2,0,23552.20703125,-5130.0,29022.20703125,5470.0
122,2022-10-12,10875.0,10976.75,10805.5,10840.5,731214.0,0.20437956204379562,-138.32018792211878,12295.7966015625,,4.458265265222792,23.890145554592323,11126.54753497134,0.37141373490847723,12120.482525084895,7.6103896103896105,False,False,True,False,True,True,3,0,23462.20703125,-5220.0,29022.20703125,5560.0
123,2022-10-13,10859.0,11142.75,10484.75,11083.75,1050244.0,0.9103343465045592,-121.00414659103924,12252.0416015625,,74.8985124619978,45.69139440911519,11117.036971644375,0.07846863969590008,12098.035570988806,48.11244979919679,True,False,False,False,False,False,0,0,23462.20703125,0.0,29022.20703125,5560.0
124,2022-10-14,11064.75,11253.5,10726.75,10744.0,843525.0,0.03274798291409587,-107.51356941728837,12200.3816015625,,24.480540844370125,30.458893031486653,11034.139866834514,0.14659290922806134,12068.772613564168,20.823293172690764,False,False,False,False,False,False,0,0,23462.20703125,0.0,29022.20703125,5560.0
125,2022-10-17,10720.0,11146.25,10713.0,11110.25,638720.0,0.9169070975187537,-79.55956461983244,12158.0116015625,,69.19221012182143,52.01500561991146,11051.053229760179,0.08339272986457591,12048.094768298506,50.24096385542169,True,False,False,False,False,False,0,0,23462.20703125,0.0,29022.20703125,5560.0
126,2022-10-18,11161.25,11431.75,11081.5,11198.75,832215.0,0.33476088508208424,-9.041659991336669,12118.3216015625,,76.0460601948285,56.12310015179377,11083.874734257917,0.24047878128400435,12029.804560725202,57.34939759036145,True,False,False,False,False,False,0,0,23462.20703125,0.0,29022.20703125,5560.0
127,2022-10-19,11320.25,11382.75,11049.0,11153.25,733776.0,0.31235955056179776,-13.627769591516754,12080.7566015625,,61.888666658813236,53.19629056523592,11099.29145997838,0.25207607822126976,12010.961050703434,53.69477911646587,False,False,False,False,False,False,0,0,23462.20703125,0.0,29022.20703125,5560.0
128,2022-10-20,11134.0,11328.75,11008.0,11090.75,739672.0,0.2579890880748246,-24.556523754680715,12034.7316015625,,40.946488013994305,48.82440847820002,11097.393357760962,0.2441797509474824,11991.212525349574,48.674698795180724,False,False,False,False,False,False,0,0,23462.20703125,0.0,29022.20703125,5560.0
129,2022-10-21,11061.25,11386.25,10935.5,11358.5,840952.0,0.9384359400998337,8.154962504175261,11995.6766015625,,84.85527872682566,64.46374246673818,11155.417056036304,0.1534786503433861,11977.656455068021,70.18072289156626,True,False,False,False,False,False,0,0,23462.20703125,0.0,29022.20703125,5560.0
130,2022-10-24,11393.75,11530.25,11207.75,11478.75,715016.0,0.8403100775193798,71.96800553287775,11953.6966015625,,90.9197182646948,69.66762432033957,11227.26882136157,0.294590970049173,11966.984547240021,79.83935742971887,True,False,False,False,False,False,0,0,23462.20703125,0.0,29022.20703125,5560.0
131,2022-10-25,11453.75,11734.0,11430.25,11713.5,660210.0,0.9325102880658436,137.78341435919106,11914.3416015625,,96.45776823677723,77.65313742297374,11335.320194392332,0.48984771573604063,11961.570961107214,98.35901540924554,True,False,False,False,False,False,0,0,23462.20703125,0.0,29022.20703125,5560.0
132,2022-10-26,11510.0,11703.5,11415.0,11446.0,784638.0,0.10745233968804159,98.9177444386966,11870.0966015625,,40.35938919073911,56.475245549252676,11359.91570674959,0.2973968565815324,11950.577173546963,76.94616770062038,False,False,False,False,False,False,0,0,23462.20703125,0.0,29022.20703125,5560.0
133,2022-10-27,11417.75,11537.5,10921.5,11235.25,769071.0,0.5093344155844156,4.001065455412013,11824.9366015625,,21.059960614219634,44.518390075149235,11332.212216360793,0.07561766907911155,11935.347053679423,60.07604562737642,False,False,False,False,False,False,0,0,23462.20703125,0.0,29022.20703125,5560.0
134,2022-10-28,11122.75,11626.0,11062.0,11587.0,728261.0,0.9308510638297872,62.50383139413685,11786.2116015625,,69.59439760643605,61.516752961500444,11388.831723836172,0.4182584966509551,11927.941381325456,88.23293976385831,True,False,False,False,False,False,0,0,23462.20703125,0.0,29022.20703125,5560.0
135,2022-10-31,11592.5,11595.0,11367.25,11447.25,607680.0,0.3512623490669594,68.58524145443162,11749.7866015625,,46.75345319977885,53.39278276277799,11401.81356298369,0.1883733929569592,11917.73701195755,77.04622773664198,True,False,False,False,False,False,0,0,23462.20703125,0.0,29022.20703125,5560.0
136,2022-11-01,11455.0,11619.0,11288.75,11332.0,605362.0,0.13096139288417866,54.72256262798593,11718.2316015625,,30.333266995159732,46.99504910915634,11386.299437876205,0.07338565331130387,11905.320391589088,67.82069241544927,False,False,False,False,False,False,0,0,23462.20703125,0.0,29022.20703125,5560.0
137,2022-11-02,11320.25,11460.0,10909.0,10944.5,770983.0,0.06442831215970962,-38.80055646610201,11679.1916015625,,9.023186550342658,31.25505289531462,11288.121785014826,0.0967442938245858,11884.9810466117,22.67384916748286,False,False,True,True,False,False,0,0,23462.20703125,0.0,29022.20703125,5560.0
138,2022-11-03,10938.0,10996.0,10708.0,10728.0,705050.0,0.06944444444444445,-122.85932546979345,11635.1566015625,,5.054942822799745,25.33009198385824,11163.650277233754,0.1569157564615551,11860.52265862996,1.949317738791423,False,False,True,False,False,True,1,0,19132.20703125,-4330.0,29022.20703125,9890.0
139,2022-11-04,10712.0,10974.25,10636.0,10890.25,881129.0,0.7516629711751663,-101.23734242612068,11589.8416015625,,42.77545341758563,36.590549991979486,11102.894660070697,0.21223796033994335,11840.03865970049,23.15573770491803,True,False,False,False,False,True,2,0,22377.20703125,-1085.0,29022.20703125,6645.0
140,2022-11-07,10786.5,11038.5,10751.0,11014.25,554692.0,0.9156521739130434,-67.88059245686352,11557.7166015625,,64.39613322469569,44.57529131087837,11083.195846721654,0.21018099547511312,11822.627749279045,34.44899817850637,True,False,False,False,True,True,3,0,24857.20703125,1395.0,29022.20703125,4165.0
141,2022-11-08,11016.0,11231.25,10928.75,11094.25,728868.0,0.547107438016529,-26.297467088151624,11529.7466015625,,76.06481996529567,49.684855973829606,11085.652325227953,0.3013015448242306,11807.290310978657,41.73497267759563,True,False,False,False,False,False,0,0,24857.20703125,0.0,29022.20703125,4165.0
142,2022-11-09,11089.25,11164.25,10822.25,10830.75,669071.0,0.024853801169590642,-75.13481288784085,11499.1866015625,,24.07903826861194,36.01498616626568,11029.007364066187,0.29993906154783667,11786.753091972643,17.7367941712204,False,False,False,False,False,False,0,0,24857.20703125,0.0,29022.20703125,4165.0
143,2022-11-10,10841.0,11677.0,10808.0,11632.25,862147.0,0.9485040276179517,59.773034593493676,11486.1266015625,,85.28008751384506,68.72830789024646,11163.061283162591,0.1502649507948524,11783.507787987292,90.73315118397086,True,False,False,False,False,False,0,0,24857.20703125,0.0,29022.20703125,4165.0
144,2022-11-11,11669.75,11876.75,11569.25,11848.0,682257.0,0.9065040650406504,167.07683731742486,11477.2416015625,,89.73495863240186,73.31834711834463,11315.269886904238,0.10415003990422984,11784.860805519353,97.68285311303647,True,False,False,False,False,False,0,0,24857.20703125,0.0,29022.20703125,4165.0
145,2022-11-14,11791.0,11898.5,11702.0,11734.75,576678.0,0.16666666666666666,146.0520420889484,11469.8516015625,,68.09854970461805,66.87750711228537,11408.487689814408,0.11595079653155878,11783.810739936378,87.02970297029702,False,False,False,False,False,False,0,0,24857.20703125,0.0,29022.20703125,4165.0
146,2022-11-15,11768.5,12118.75,11761.75,11904.25,771822.0,0.39915966386554624,158.36497129889182,11467.5566015625,,81.47146482156782,71.55281898740773,11518.657092077874,0.22585101134681795,11786.331623068128,85.5336368234699,False,False,False,False,False,False,0,0,24857.20703125,0.0,29022.20703125,4165.0
147,2022-11-16,11882.0,11963.0,11706.5,11739.5,577864.0,0.1286549707602339,111.6773856138087,11457.0816015625,,44.8904691838744,61.0781732356851,11567.733293838346,0.34400692340977934,11785.35250761631,74.42252571235879,False,False,False,False,False,False,0,0,24857.20703125,0.0,29022.20703125,4165.0
148,2022-11-17,11777.75,11827.5,11528.25,11710.5,658469.0,0.6090225563909775,76.91077678305503,11444.8566015625,,38.763136297237935,59.17221657290629,11599.459228540934,0.4626795384977631,11783.789283135358,72.46670038779295,False,False,False,False,False,False,0,0,24857.20703125,0.0,29022.20703125,4165.0
149,2022-11-18,11747.75,11843.0,11607.0,11708.0,585873.0,0.4279661016949153,76.91741585271775,11427.1666015625,,37.87187280130353,58.973909172038645,11623.579399976283,0.4164226607256524,11782.208205831976,72.29809475636486,False,False,False,False,False,False,0,0,24857.20703125,0.0,29022.20703125,4165.0
150,2022-11-21,11723.0,11756.0,11553.0,11588.0,477970.0,0.1724137931034483,52.089929432436335,11404.1116015625,,11.80807782276814,49.100668194056404,11615.67286664822,0.2927669345579793,11778.16102149233,64.20502444781656,False,False,True,True,False,False,0,0,24857.20703125,0.0,29022.20703125,4165.0
151,2022-11-22,11588.0,11759.25,11526.5,11754.5,531087.0,0.9795918367346939,61.908833683479585,11398.4716015625,,69.69122975272464,60.55428517667217,11646.523340726393,0.3226634086744044,11777.66845078235,75.43415950092734,True,False,False,False,False,True,1,0,28187.20703125,3330.0,29022.20703125,835.0
152,2022-11-23,11741.5,11892.75,11720.0,11862.75,474645.0,0.8263386396526773,87.46423142067437,11392.8866015625,,83.64718468543244,66.65267589185555,11694.573709453862,0.5457429931253305,11779.437865096454,82.73478334176362,True,False,False,False,False,True,2,0,30352.20703125,5495.0,30352.20703125,0.0
153,2022-11-25,11878.0,11933.0,11766.25,11782.75,252366.0,0.09895052473763119,79.54086704230679,11389.8466015625,,49.77261536751824,58.32301239288789,11714.168440686337,0.12868747327917915,11779.50667807929,75.43410711021751,False,False,False,False,True,True,3,0,28752.20703125,3895.0,30352.20703125,1600.0
154,2022-11-28,11731.25,11788.5,11575.25,11616.25,506250.0,0.19226260257913247,40.74461890420361,11385.88,,18.532551422740966,44.01337065803643,11692.408787200484,0.20687346574425353,11776.118154538528,61.663169940873544,False,False,False,False,False,False,0,0,28752.20703125,0.0,30352.20703125,1600.0
155,2022-11-29,11625.0,11704.5,11465.0,11524.75,555859.0,0.24947807933194155,19.777209673260185,11375.895,,10.966942681888867,37.66523293524323,11655.151278933708,0.19116977696859352,11770.905778186983,54.68243372115201,False,False,True,True,False,False,0,0,28752.20703125,0.0,30352.20703125,1600.0
156,2022-11-30,11520.0,12078.5,11497.75,12042.25,769082.0,0.9375807145931985,75.73827388978262,11378.295,,84.15139902091884,69.13621046309387,11741.173216948438,0.09540269616315243,11776.52712817704,94.16364676711807,True,False,False,False,False,True,1,0,39102.20703125,10350.0,39102.20703125,0.0
157,2022-12-01,12079.25,12145.0,11943.25,12062.75,629297.0,0.5923172242874845,104.79300657659576,11385.35,,85.12041698307631,69.8889746621747,11812.63472429323,0.24822422729890575,11782.451295516532,87.90441176470588,True,False,False,False,False,True,2,0,39512.20703125,10760.0,39512.20703125,0.0
158,2022-12-02,12039.75,12067.75,11740.5,12010.25,588295.0,0.8242933537051184,80.86103394088408,11394.245,,64.82069758868167,64.82742033227858,11856.549230005847,0.22609843484819914,11787.161994808792,80.18382352941177,False,False,False,False,True,True,3,0,38462.20703125,9710.0,39512.20703125,1050.0
159,2022-12-05,12000.5,12015.75,11745.5,11805.75,537924.0,0.22294172062904719,59.50120942225694,11402.825,,22.681302819899756,47.92694261158843,11845.26051222677,0.0639829815087547,11787.54604333619,50.11029411764706,False,False,True,True,False,False,0,0,38462.20703125,0.0,39512.20703125,1050.0
160,2022-12-06,11812.0,11846.25,11502.0,11566.0,657271.0,0.1859114015976761,-15.315930815823895,11407.82,,8.98519209054254,34.67825648005636,11783.202620620823,0.013353566009104704,11782.972588770575,14.852941176470589,False,False,True,False,False,True,1,0,33667.20703125,-4795.0,39512.20703125,5845.0
161,2022-12-07,11566.0,11596.25,11422.5,11509.5,634691.0,0.5007194244604316,-78.60571682567553,11411.335,,6.994494031036865,32.066990367307326,11722.379816038418,0.15934959349593497,11777.33194179461,12.04152249134948,False,False,False,False,False,True,2,0,32537.20703125,-5925.0,39512.20703125,6975.0
162,2022-12-08,11500.0,11685.75,11433.0,11645.5,600826.0,0.8407517309594461,-75.53612191749981,11413.13,,54.995718484783815,44.615274869770055,11705.295412474325,0.13879571953362083,11774.615014323099,30.865051903114185,True,False,False,False,True,True,3,0,35257.20703125,-3205.0,39512.20703125,4255.0
163,2022-12-09,11641.5,11748.0,11517.0,11569.75,504052.0,0.22835497835497837,-76.67386864071621,11419.96,,34.91939774433244,39.53135243878908,11675.174209702252,0.1364509929532351,11770.396351247371,20.380622837370243,False,False,False,False,False,False,0,0,35257.20703125,0.0,39512.20703125,4255.0
164,2022-12-12,11553.0,11716.0,11522.75,11711.75,354886.0,0.9780077619663649,-50.12619350129356,11433.485,,72.52412634655346,52.27461203560705,11683.302163101753,0.06215424666449723,11769.189635724164,40.034602076124564,True,False,False,False,False,False,0,0,35257.20703125,0.0,39512.20703125,4255.0
165,2022-12-13,11691.25,12229.5,11680.5,11839.75,407612.0,0.2900728597449909,87.35468334062301,11444.565,,86.5426466060496,61.4326376089073,11718.06834907914,0.20025429116338206,11770.640372543394,51.70384138785626,True,False,False,False,False,False,0,0,35257.20703125,0.0,39512.20703125,4255.0
166,2022-12-14,11839.0,11948.5,11613.75,11750.75,197122.0,0.409260642270351,17.11657890715049,11446.765,,50.62413600491555,52.6514584128862,11725.330938172665,0.254696373962429,11770.231731898622,40.67534076827757,False,False,False,False,False,False,0,0,35257.20703125,0.0,39512.20703125,4255.0
167,2022-12-15,11758.75,11779.5,11298.25,11347.25,182838.0,0.10181818181818182,-130.80795467988048,11441.235,,10.627899757117476,29.08823822952135,11641.312951912074,0.4684124386252046,11761.5481713095,5.261744966442953,False,False,False,False,False,False,0,0,35257.20703125,0.0,39512.20703125,4255.0
168,2022-12-16,11340.25,11381.25,11206.5,11327.0400390625,665526.0,0.6897856312589413,-185.5172391154815,11436.94080078125,,9.848461326197082,28.295422306009826,11571.47452683439,0.4569324568364471,11752.634464647368,11.782995020772239,False,False,False,False,False,False,0,0,35257.20703125,0.0,39512.20703125,4255.0
169,2022-12-19,11328.75,11411.0,11131.75,11193.25,562529.0,0.22023276633840644,-180.23445389997613,11438.77580078125,,4.996663073653707,23.088129340691694,11487.424631982303,0.42997542997543,11741.167155867644,5.602368480983831,False,False,True,True,False,False,0,0,35257.20703125,0.0,39512.20703125,4255.0
170,2022-12-20,11182.5,11247.0,11043.5,11175.75,625090.0,0.6498771498771498,-182.96230397258142,11442.60080078125,,4.426220816023857,22.413704203040822,11418.163602652903,0.3245997088791849,11729.584261285909,11.150927487352446,True,False,False,False,False,True,1,0,34907.20703125,-350.0,39512.20703125,4605.0
171,2022-12-21,11206.5,11389.75,11181.0,11334.5,631322.0,0.7353293413173653,-112.85907373514311,11452.39080078125,,68.88137754221366,41.7183734325853,11399.571690952258,0.13415101571483326,11721.496262598524,24.536256323777405,True,False,False,False,False,True,2,0,38082.20703125,2825.0,39512.20703125,1430.0
172,2022-12-22,11357.0,11384.75,10870.5,11054.25,714500.0,0.3573164803111327,-153.22531693233557,11456.66580078125,,20.3723713788262,26.931424508884433,11322.833537407312,0.4081104400345125,11707.845818307998,13.520971302428256,False,False,False,False,True,True,3,0,32477.20703125,-2780.0,39512.20703125,7035.0
173,2022-12-23,11061.0,11143.0,10916.25,11075.25,534525.0,0.701212789415656,-146.1342968554937,11456.49580078125,,27.97410878079026,29.279333385036267,11267.81497353902,0.3547345767575323,11694.91273148061,15.066225165562914,False,False,False,False,False,False,0,0,32477.20703125,0.0,39512.20703125,7035.0
174,2022-12-27,11104.0,11183.75,10896.0,10915.5,499799.0,0.0677671589921807,-134.69239235478912,11459.92580078125,,11.406605423406148,22.426820157400698,11189.522757197015,0.5640162918363733,11678.988281849157,3.3112582781456954,False,False,True,True,False,False,0,0,32477.20703125,0.0,39512.20703125,7035.0
175,2022-12-28,10915.75,10996.5,10758.75,10772.75,635572.0,0.058885383806519455,-146.03925259213858,11453.17580078125,,5.541384735735235,17.779068078305073,11096.906588931011,0.7479845776375745,11660.484261531188,0.9518952915179331,False,False,True,False,False,True,1,0,29622.20703125,-2855.0,39512.20703125,9890.0
176,2022-12-29,10785.75,11071.5,10777.5,11032.75,470004.0,0.8681972789115646,-105.66469297523977,11449.85580078125,,67.12281597443331,44.136811156898176,11082.649569168565,0.449452269170579,11647.674770915131,18.629950705422402,True,False,False,False,False,True,2,0,34822.20703125,2345.0,39512.20703125,4690.0
177,2022-12-30,11033.5,11051.5,10855.5,11022.25,462484.0,0.8507653061224489,-92.55906532052967,11447.23580078125,,63.76514965951856,43.43393156730985,11069.227442686662,0.26982150269821503,11634.920110518766,17.916029236783952,True,False,False,False,True,True,3,0,34612.20703125,2135.0,39512.20703125,4900.0
178,2023-01-03,11122.5,11182.0,10844.75,10945.5,657681.0,0.2987398072646405,-82.10281168850737,11444.33080078125,,36.83111863786721,37.91682866863309,11041.73245542296,0.3025598135219797,11620.868668052892,12.697603263641,False,False,False,False,False,False,0,0,34612.20703125,0.0,39512.20703125,4900.0
179,2023-01-04,10941.25,11068.5,10863.5,10999.25,758003.0,0.6621951219512195,-79.39269431977064,11437.14580078125,,60.311757885624445,44.12945131086146,11032.291909773414,0.1642675698560542,11608.206461776834,20.21433074175247,True,False,False,False,False,False,0,0,34612.20703125,0.0,39512.20703125,4900.0
180,2023-01-05,10988.5,11046.75,10805.0,10820.25,694452.0,0.06308169596690796,-91.33771399699515,11423.97580078125,,17.35202840328651,31.15237582889786,10985.171485379322,0.264804469273743,11592.165106584005,6.0249816311535636,False,False,True,True,False,False,0,0,34612.20703125,0.0,39512.20703125,4900.0
181,2023-01-06,10838.75,11165.75,10751.0,11113.5,736332.0,0.8740204942736588,-56.993073343897784,11411.97580078125,,75.20951485970416,57.029414586982725,11013.688933072806,0.14962762356127285,11582.4257757503,54.92424242424242,True,False,False,False,False,True,1,0,40477.20703125,5865.0,40477.20703125,0.0
182,2023-01-09,11126.5,11385.5,11120.25,11185.5,646318.0,0.24599434495758718,2.0188672532079233,11406.76580078125,,81.55136606114701,61.47356666606861,11051.869170167738,0.10344827586206896,11574.353981593116,65.83333333333333,True,False,False,False,False,True,2,0,41917.20703125,7305.0,41917.20703125,0.0
183,2023-01-10,11184.75,11288.75,11094.0,11282.0,559281.0,0.9653401797175867,5.318039159740691,11407.70080078125,,89.05602466371977,67.16318905816046,11103.009354574908,0.15380323600520737,11568.411908009,83.13111545988258,True,False,False,False,True,True,3,0,43847.20703125,9235.0,43847.20703125,0.0
184,2023-01-11,11282.5,11479.5,11239.75,11476.5,500153.0,0.9874869655891554,64.49100927956673,11405.49080078125,,95.85422965132587,76.06771958608542,11186.007275780485,0.406816533720087,11566.544781519091,99.5881949210707,True,False,False,False,False,False,0,0,43847.20703125,0.0,43847.20703125,0.0
185,2023-01-12,11474.5,11579.75,11291.0,11534.25,754571.0,0.8424242424242424,105.15889020321374,11407.23080078125,,96.97140760395101,78.25613238375168,11263.394547829266,0.5884853168469861,11565.889071428583,94.50980392156863,True,False,False,False,False,False,0,0,43847.20703125,0.0,43847.20703125,0.0
186,2023-01-13,11528.5,11619.5,11389.0,11608.0,482002.0,0.9501084598698482,143.58258750733162,11412.75080078125,,98.20609428027196,81.0258057485382,11339.97353720054,0.5192958700067705,11566.743658674062,98.67587795048935,True,False,False,False,False,False,0,0,43847.20703125,0.0,43847.20703125,0.0
188,2023-01-17,11613.5,11685.0,11510.25,11624.5,576141.0,0.65379113018598,160.0408245621547,11426.35080078125,,98.48284987358323,81.67846362126825,11403.201640044865,0.5407407407407407,11567.915173414009,93.52248394004283,False,False,False,False,False,False,0,0,43847.20703125,0.0,43847.20703125,0.0
189,2023-01-18,11619.75,11759.5,11468.0,11475.75,619614.0,0.026586620926243566,131.01847685736456,11441.30580078125,,26.042413912218237,58.862304276609734,11419.323497812673,0.4471853257432005,11566.046618991933,71.864154685176,False,False,False,False,False,False,0,0,43847.20703125,0.0,43847.20703125,0.0
190,2023-01-19,11470.5,11487.0,11308.5,11356.5,594769.0,0.2689075630252101,64.69210949755924,11450.63080078125,,11.949488218446106,45.9887605496025,11405.362720520967,0.2855144855144855,11561.80028032602,60.03966286564204,False,False,True,True,False,False,0,0,43847.20703125,0.0,43847.20703125,0.0
191,2023-01-20,11401.0,11686.75,11365.25,11677.0,577769.0,0.9696734059097978,110.20236816436432,11463.88580078125,,77.47399431553671,68.86514418808268,11465.726560405197,0.6151498833243583,11564.133655689837,91.8195339613287,True,False,False,False,False,True,1,0,50257.20703125,6410.0,50257.20703125,0.0
192,2023-01-23,11676.75,11983.0,11650.5,11934.0,593978.0,0.8526315789473684,163.7566050740099,11480.68080078125,,89.73036599765256,78.14391879928999,11569.787324759598,0.6048654625875415,11571.621922020717,96.02272727272727,True,False,False,False,False,True,2,0,55397.20703125,11550.0,55397.20703125,0.0
193,2023-01-24,11933.0,12010.5,11835.75,11909.5,511370.0,0.4220314735336195,150.57963832123494,11502.25580078125,,81.29674909329677,75.4639706397653,11645.279030368576,0.5530939648586708,11578.45952288596,91.98094481937277,False,False,False,False,True,True,3,0,54907.20703125,11060.0,55397.20703125,490.0
194,2023-01-25,11970.5,11976.5,11604.5,11873.25,633473.0,0.7224462365591398,111.91761840972606,11507.07580078125,,63.606056910201346,70.96291293734443,11695.939245842226,0.47347347347347346,11584.422571415658,89.1028185788011,False,False,False,False,False,False,0,0,54907.20703125,0.0,55397.20703125,490.0
195,2023-01-26,11874.75,12113.0,11867.25,12106.75,621434.0,0.9745676500508647,140.14088274006656,11512.25080078125,,90.43113416854898,80.38360800323233,11787.230524543953,0.48941953018831297,11594.983757820417,99.54111600587372,True,False,False,False,False,False,0,0,54907.20703125,0.0,55397.20703125,490.0
196,2023-01-27,12049.0,12308.5,12016.0,12222.25,588072.0,0.7051282051282052,153.78304816182577,11522.00080078125,,94.46625265305445,83.6612017497037,11883.90151908974,0.5113340765514679,11607.661459072473,92.89831206257719,False,False,False,False,False,False,0,0,54907.20703125,0.0,55397.20703125,490.0
197,2023-01-30,12212.5,12252.0,11960.0,11968.0,634667.0,0.0273972602739726,116.05604898398614,11523.27580078125,,33.070142050548725,57.31187187796783,11902.590070403132,0.23591087811271297,11614.941296801217,71.96377109921778,False,False,False,False,False,False,0,0,54907.20703125,0.0,55397.20703125,490.0
198,2023-01-31,11984.0,12156.0,11871.0,12152.0,585202.0,0.9859649122807017,105.72123828265477,11531.52580078125,,65.51251273273105,66.77741895452485,11958.014499202436,0.3114850900501919,11625.787024955356,85.35672514619883,True,False,False,False,False,False,0,0,54907.20703125,0.0,55397.20703125,490.0
199,2023-02-01,12116.0,12524.5,12055.25,12414.25,668515.0,0.7650506126798082,141.9609570658249,11545.60080078125,,85.51992961430886,76.18529367600559,12059.40016604634,0.5193691200885445,11641.703531302725,91.0620186461289,True,False,False,False,False,False,0,0,54907.20703125,0.0,55397.20703125,490.0
200,2023-02-02,12520.0,12949.75,12501.75,12846.75,817822.0,0.7700892857142857,189.80783667003584,11568.37580078125,,95.03002056587907,84.96324167371166,12234.366795813821,0.702865228157057,11666.020148879945,93.72429550647372,True,False,False,False,False,False,0,0,54907.20703125,0.0,55397.20703125,490.0
201,2023-02-03,12748.25,12878.0,12551.25,12624.0,824209.0,0.22264728385615914,155.6204674376754,11589.09580078125,11990.580048828126,56.683168781406664,68.66851612634326,12320.951952299638,0.46823238566131026,11685.34392707532,80.15232292460016,False,False,False,False,False,False,0,0,54907.20703125,0.0,55397.20703125,490.0
202,2023-02-06,12572.0,12608.5,12455.75,12515.5,535147.0,0.3911620294599018,116.5169608794902,11604.31580078125,11983.133798828125,40.688305918476956,61.4884038710957,12364.184851788608,0.310298826040555,11702.083139415707,73.54150799695354,False,False,False,False,False,False,0,0,54907.20703125,0.0,55397.20703125,490.0
203,2023-02-07,12513.0,12818.5,12459.25,12776.75,744996.0,0.883785664578984,127.74427328326087,11622.59580078125,11978.376298828125,74.85605518755881,70.70714867237515,12455.865995835584,0.4108729124718702,11723.744810636957,89.45925361766946,True,False,False,False,False,False,0,0,54907.20703125,0.0,55397.20703125,490.0
204,2023-02-08,12747.0,12808.5,12512.75,12545.25,590355.0,0.10989010989010989,105.49446642705037,11637.84580078125,11974.335048828125,37.04019433451762,55.888531407706736,12475.729107872121,0.29141370338248046,11740.29772299062,74.4714420952982,False,False,False,False,False,False,0,0,54907.20703125,0.0,55397.20703125,490.0
205,2023-02-09,12555.0,12728.5,12366.5,12425.5,612404.0,0.16298342541436464,77.87809565248935,11654.03080078125,11968.783798828124,24.326318502657458,49.21877873114608,12464.56708390054,0.14539856312008212,11754.099404634393,61.02954841107601,False,False,False,False,False,False,0,0,54907.20703125,0.0,55397.20703125,490.0
206,2023-02-10,12448.75,12451.5,12243.25,12346.25,600244.0,0.49459783913565425,43.65209979542026,11670.46080078125,11965.435048828125,16.72697757991844,44.79632608458534,12438.274398589308,0.0575139146567718,11766.022733450945,55.138450102211486,False,False,False,False,False,False,0,0,54907.20703125,0.0,55397.20703125,490.0
207,2023-02-13,12357.5,12567.0,12265.25,12540.5,467840.0,0.9121789560894781,56.83706033479641,11680.42580078125,11963.092548828125,67.10408662347206,56.71314114954437,12460.991198902795,0.27313931297709926,11781.612124252708,69.57814532614756,True,False,False,False,False,False,0,0,54907.20703125,0.0,55397.20703125,490.0
208,2023-02-14,12547.25,12687.0,12390.5,12631.0,719204.0,0.8111298482293423,70.42671145914663,11691.79080078125,11958.973798828125,78.96274454633937,61.54725753130292,12498.770932479953,0.23920099875156056,11798.703796755817,70.55427251732101,True,False,False,False,False,False,0,0,54907.20703125,0.0,55397.20703125,490.0
209,2023-02-15,12620.75,12756.5,12524.25,12730.0,568579.0,0.8858988159311088,82.17677974826316,11706.18580078125,11958.363798828124,88.23878211447054,66.64134288671988,12550.15516970663,0.1716732363735218,11817.437654963656,79.62920046349942,True,False,False,False,False,False,0,0,54907.20703125,0.0,55397.20703125,490.0
210,2023-02-16,12740.0,12792.75,12455.25,12482.5,682325.0,0.08074074074074074,58.8653941318094,11719.72080078125,11955.411298828125,27.534443751569995,47.130025463383916,12535.120687549601,0.2201904186187094,11830.81178202668,56.68597914252607,False,False,False,False,False,False,0,0,54907.20703125,0.0,55397.20703125,490.0
211,2023-02-17,12462.5,12466.25,12265.75,12390.0,629355.0,0.6197007481296758,5.703555793654346,11736.20080078125,11951.923798828126,18.18380164045398,41.4592685300615,12502.87164587191,0.15354330708661418,11842.053366489215,48.11123986095017,False,False,False,False,False,False,0,0,54907.20703125,0.0,55397.20703125,490.0
212,2023-02-21,12380.0,12417.75,12090.25,12096.75,609494.0,0.01984732824427481,-47.05757215001501,11747.94580078125,11944.751298828125,5.766713291651968,28.073439287877648,12412.622391233708,0.24506217995610827,11847.172091924576,4.639463387367244,False,False,True,True,False,False,0,0,54907.20703125,0.0,55397.20703125,490.0
213,2023-02-22,12108.0,12190.5,12034.0,12097.5,640711.0,0.4057507987220447,-79.4564992010926,11756.98580078125,11940.948798828125,6.0947166961633314,28.147604143318688,12342.595193181773,0.46901432763680306,11852.201532083096,6.934206934206935,False,False,False,False,False,True,1,0,54922.20703125,15.0,55397.20703125,475.0
214,2023-02-23,12176.25,12261.0,12028.5,12207.5,640962.0,0.7698924731182796,-73.04190517691057,11769.74080078125,11938.507548828125,53.535761982852094,39.57101052468748,12312.574039141378,0.2545694365931788,11859.33791312952,21.071218363743377,True,False,False,False,False,True,2,0,57122.20703125,2215.0,57122.20703125,0.0
215,2023-02-24,12190.0,12214.5,11923.0,11997.0,643618.0,0.2538593481989708,-112.0080057790064,11775.44580078125,11937.523798828124,18.249529114880858,28.668458956857066,12242.446474887738,0.30229276895943563,11862.10215404162,8.263539921831379,False,False,False,False,True,True,3,0,52912.20703125,-1995.0,57122.20703125,4210.0
216,2023-02-27,12003.0,12189.5,11990.0,12083.25,578952.0,0.4674185463659148,-94.76276579887075,11780.31580078125,11936.195048828125,46.91975974834826,37.48952055846046,12207.06948046824,0.18462618462618463,11866.541546837503,17.89503070910106,True,False,False,False,False,False,0,0,52912.20703125,0.0,57122.20703125,4210.0
217,2023-02-28,12093.5,12172.75,12025.75,12072.25,646026.0,0.3163265306122449,-95.07473402519433,11786.74580078125,11936.707548828124,43.06718570888906,36.76472722375213,12177.109595919743,0.3772406847935549,11870.669879997424,16.854884246188593,True,False,True,True,False,False,0,0,52912.20703125,0.0,57122.20703125,4210.0
218,2023-03-01,12041.25,12141.75,11924.75,11961.75,759645.0,0.17050691244239632,-118.21647668995422,11799.03580078125,11936.780048828125,16.253845234358323,29.583037016416668,12129.251907937578,0.5306243805748265,11872.497266053691,4.455303248059788,False,False,False,False,False,True,1,0,50702.20703125,-2210.0,57122.20703125,6420.0
219,2023-03-02,11967.0,12096.25,11832.5,12062.0,752009.0,0.8701421800947867,-108.48447844461225,11813.735,11935.176298828124,60.67670100582251,42.353349240713534,12114.307039507006,0.5291089108910891,11876.298360234683,23.90002603488675,True,False,False,False,False,True,2,0,52707.20703125,-205.0,57122.20703125,4415.0
220,2023-03-03,12049.0,12329.0,12012.0,12311.25,675472.0,0.944006309148265,-39.23823937444818,11836.095,11935.508798828125,89.19001093655855,63.13252811208963,12158.072141838784,0.13545580383626657,11885.020495919829,49.856808122884665,True,False,False,False,True,True,3,0,57692.20703125,4780.0,57692.20703125,0.0
221,2023-03-06,12306.25,12486.25,12276.25,12323.5,612506.0,0.225,10.068176555608833,11859.05,11934.325048828125,89.909217206195,63.93125133512653,12194.833888096831,0.05616554054054054,11893.81116862469,51.132517573548554,True,False,False,False,False,False,0,0,57692.20703125,0.0,57692.20703125,0.0
222,2023-03-07,12320.25,12381.25,12142.25,12169.0,685006.0,0.11192468619246862,-28.300504526919333,11875.74,11935.492548828124,33.57042945934789,47.65473604554559,12189.093024075313,0.06912221956469744,11899.326819255843,35.0429575631346,False,False,False,False,False,False,0,0,57692.20703125,0.0,57692.20703125,0.0
223,2023-03-08,12170.0,12254.5,12108.25,12228.25,633419.0,0.8205128205128205,-33.952967525195966,11899.22,11937.242548828124,55.13365882747883,53.34831612666993,12197.794574280799,0.11845979614949037,11905.917885877743,41.21322572246811,False,False,False,False,False,False,0,0,57692.20703125,0.0,57692.20703125,0.0
224,2023-03-09,12231.0,12353.5,11977.5,12007.25,816838.0,0.07912234042553191,-59.03492075699037,11917.86,11938.075048828125,16.11383813916359,35.39721577935424,12155.451335551732,0.16484873430747068,11907.947931025028,26.730401529636712,False,False,True,True,False,False,0,0,57692.20703125,0.0,57692.20703125,0.0
225,2023-03-10,12005.0,12109.0,11795.0,11840.25,871209.0,0.14410828025477707,-126.21230758675426,11936.355,11937.100048828124,7.7859557877549435,26.860084740357493,12085.406594318014,0.13383137673425827,11906.592013051626,6.5461121157323685,False,False,True,False,False,True,1,0,54352.20703125,-3340.0,57692.20703125,3340.0
226,2023-03-13,11894.75,12095.75,11674.25,11931.75,694438.0,0.6109134045077106,-119.97164205260566,11959.535,11937.903798828125,41.12735153704097,37.228655813533706,12051.260684469567,0.12877178070548237,11907.095786590045,31.711822660098523,True,False,False,False,False,True,2,0,56182.20703125,-1510.0,57692.20703125,1510.0
227,2023-03-14,11960.0,12223.0,11921.75,12207.0,364395.0,0.9468879668049792,-32.88237890436529,11983.02,11939.227548828125,81.45929589792786,59.05501897183901,12085.869421254107,0.0935276765573486,11913.099852450356,65.60960591133005,True,False,False,False,True,True,3,0,61687.20703125,3995.0,61687.20703125,0.0
228,2023-03-15,12200.75,12280.0,11972.0,12247.75,261341.0,0.8952922077922078,-5.007296571200804,12007.53,11939.070048828125,84.58596671050728,61.530431377115825,12121.84288319764,0.20860685630926332,11919.798070025689,70.62807881773399,True,False,False,False,False,False,0,0,61687.20703125,0.0,61687.20703125,0.0
229,2023-03-16,12264.5,12600.5,12189.25,12583.0,181754.0,0.9574468085106383,151.00825674387264,12040.28,11938.596298828124,95.91656437877518,76.27860623260898,12224.322242487055,0.3244084682440847,11933.069608018579,98.110661268556,True,False,False,False,False,False,0,0,61687.20703125,0.0,61687.20703125,0.0
230,2023-03-17,12575.75,12636.5,12531.75,12594.650390625,734052.0,0.6004810560859188,217.11817019217904,12072.1880078125,11938.33705078125,96.11504765423334,76.66717685622577,12306.617386517708,0.20710341254401451,11946.30593400326,95.65085898934788,True,False,False,False,False,False,0,0,61687.20703125,0.0,61687.20703125,0.0
231,2023-03-20,12690.0,12750.0,12525.25,12688.5,694471.0,0.7263626251390434,216.24713462079245,12109.5530078125,11939.02455078125,97.82124349736216,79.97083173628363,12391.480189513772,0.2517241379310345,11961.152054080003,94.2830583313967,False,False,False,False,False,False,0,0,61687.20703125,0.0,61687.20703125,0.0
232,2023-03-21,12699.75,12898.25,12676.5,12867.25,565860.0,0.8602029312288614,217.99247750862057,12144.6280078125,11938.89205078125,99.18489138452887,85.02037344128499,12497.206814066267,0.47363065965745293,11979.273103168505,97.4673202614379,True,False,False,False,False,False,0,0,61687.20703125,0.0,61687.20703125,0.0
233,2023-03-22,12873.25,13082.0,12678.0,12707.0,713083.0,0.07178217821782178,173.1579276581414,12175.0580078125,11939.67205078125,46.736525941430145,66.29159279666392,12543.82752205154,0.3039200126963974,11993.824043617471,73.36174746936601,False,False,False,False,False,False,0,0,61687.20703125,0.0,61687.20703125,0.0
234,2023-03-23,12695.0,13031.0,12694.25,12854.0,838385.0,0.47438752783964366,149.09457648495743,12206.4980078125,11940.91705078125,72.96466517971058,73.08902940562726,12612.75473937342,0.564029975020816,12011.019990370514,83.80394246137453,False,False,False,False,False,False,0,0,61687.20703125,0.0,61687.20703125,0.0
235,2023-03-24,12871.5,12924.75,12728.0,12890.25,676547.0,0.8246505717916137,123.8911132556622,12234.7730078125,11941.81080078125,78.24750791334364,74.66390858356772,12674.420352845993,0.7661437431594309,12028.593525247175,86.37897353933582,True,False,False,False,False,False,0,0,61687.20703125,0.0,61687.20703125,0.0
236,2023-03-27,12916.0,12984.5,12765.5,12788.5,562634.0,0.1050228310502283,107.64415027400554,12259.8580078125,11942.67455078125,37.3146663200441,61.94473975269695,12699.771385546883,0.6204961071881224,12043.77927517801,79.1511276860238,False,False,False,False,False,False,0,0,61687.20703125,0.0,61687.20703125,0.0
237,2023-03-28,12810.5,12833.5,12634.25,12732.5,537965.0,0.493099121706399,73.53771008153069,12282.3480078125,11944.96205078125,23.679558317013317,55.44663340104199,12707.04441098091,0.4524321997417133,12057.5399690748,75.17314864144912,False,False,False,False,False,False,0,0,61687.20703125,0.0,61687.20703125,0.0
238,2023-03-29,12745.5,12994.0,12742.0,12965.0,566316.0,0.8849206349206349,97.94993005710157,12309.1580078125,11950.58705078125,81.08163308505857,71.1518819080557,12764.367875207376,0.5300203214483651,12075.667862858721,91.68886521044219,True,False,False,False,False,False,0,0,61687.20703125,0.0,61687.20703125,0.0
239,2023-03-30,12962.5,13111.75,12931.5,13082.0,583151.0,0.8349514563106796,114.55778560967683,12341.2830078125,11959.51455078125,89.23240058779527,76.38761066588253,12834.95279182796,0.439647577092511,12095.76736911445,97.9304347826087,True,False,False,False,False,False,0,0,61687.20703125,0.0,61687.20703125,0.0
240,2023-03-31,13084.25,13311.5,13057.5,13301.75,624955.0,0.9616141732283464,134.27020016882017,12380.1880078125,11969.45205078125,95.88772967222044,83.44269644233431,12938.685504755082,0.526468479656578,12119.850382025215,99.2984349703184,True,False,False,False,False,False,0,0,61687.20703125,0.0,61687.20703125,0.0
241,2023-04-03,13262.0,13278.75,13154.0,13270.0,542896.0,0.9298597194388778,121.66459578759145,12412.0480078125,11977.83330078125,81.35691515454644,79.17050564284222,13012.310948142842,0.4539422326307572,12142.814581298591,96.90182904068682,False,False,False,False,False,False,0,0,61687.20703125,0.0,61687.20703125,0.0
242,2023-04-04,13259.0,13348.75,13168.25,13219.0,577032.0,0.28116343490304707,112.70931840621694,12437.7480078125,11988.30455078125,54.71812187440736,71.79036048163253,13058.241848555543,0.30500758725341426,12164.298461695284,88.8098318240621,False,False,False,False,False,False,0,0,61687.20703125,0.0,61687.20703125,0.0
243,2023-04-05,13230.0,13247.25,13006.0,13079.75,594608.0,0.30569948186528495,81.59982505918789,12461.1530078125,11998.051352539063,19.626079302284325,54.462828211194754,13063.021437765423,0.32921174652241114,12182.570670966537,67.33454766241651,False,False,True,True,False,False,0,0,61687.20703125,0.0,61687.20703125,0.0
244,2023-04-06,13072.75,13191.0,12953.25,13170.75,41224.0,0.9148264984227129,75.80254963349321,12487.1030078125,12006.018852539062,56.27602275528041,61.96244939176247,13086.961118261996,0.2943089430894309,12202.291398895888,78.38494231936855,True,False,False,False,False,True,1,0,63507.20703125,1820.0,63507.20703125,0.0
245,2023-04-10,13179.75,13203.25,12967.5,13158.0,553003.0,0.8080593849416755,73.59406901373877,12508.1280078125,12013.980102539062,49.89990066890687,60.22532378631506,13102.747536425997,0.2543338874376633,12221.361171454098,73.30300909727082,True,False,False,False,False,True,2,0,63252.20703125,1565.0,63507.20703125,255.0
246,2023-04-11,13163.25,13208.75,13053.5,13074.75,549047.0,0.13687600644122383,71.58027579209319,12525.1780078125,12020.666352539063,20.124368237113984,49.010848958126964,13096.525861664664,0.2767706067198453,12238.386721604393,61.65150454863541,False,False,False,False,True,True,3,0,61587.20703125,-100.0,63507.20703125,1920.0
247,2023-04-12,13073.75,13241.75,12937.75,12952.25,684779.0,0.047697368421052634,45.51968232692075,12544.8630078125,12024.725102539063,7.301836300311152,36.50712688740353,13064.464559072516,0.19963661140131728,12252.626549428282,44.50664800559832,False,False,True,True,False,False,0,0,61587.20703125,0.0,63507.20703125,1920.0
248,2023-04-13,12957.0,13228.0,12925.5,13209.75,558233.0,0.9396694214876034,61.8902765135455,12566.0180078125,12030.571352539062,74.80132062407483,61.98816366735919,13096.750212611956,0.2174106151454586,12271.71604422266,80.54583624912526,True,False,False,False,False,True,1,0,66737.20703125,5150.0,66737.20703125,0.0
249,2023-04-14,13183.0,13255.0,13058.0,13181.25,627824.0,0.6256345177664975,71.01728467999408,12581.3580078125,12038.106352539062,64.41804285688139,58.72746255777051,13115.527943142632,0.09568570739937335,12289.853795314124,76.55703289013296,True,False,False,False,False,True,2,0,66167.20703125,4580.0,66737.20703125,570.0
250,2023-04-17,13212.5,13218.0,13076.75,13186.5,540742.0,0.7769911504424779,64.40371482242207,12588.1530078125,12045.583852539063,66.14920792789336,59.22138543650652,13131.299511333156,0.1400790033424491,12307.732041486252,77.29181245626312,False,False,False,False,True,True,3,0,66272.20703125,4685.0,66737.20703125,465.0
251,2023-04-18,13184.0,13298.75,13138.0,13193.0,576668.0,0.3421461897356143,81.75653329352895,12599.5330078125,12053.901352539062,69.78885956029751,59.962908326652624,13145.010731036899,0.09655172413793103,12325.380997985,74.33044911413268,False,False,True,True,False,False,0,0,66272.20703125,0.0,66737.20703125,465.0
252,2023-04-19,13170.5,13226.75,13065.0,13183.0,576668.0,0.7295208655332303,53.186582809223594,12612.8830078125,12061.760102539063,52.44001882620519,57.936887471590936,13153.452790806476,0.04758757435558493,12342.476440896955,60.83874778499705,False,False,False,False,False,True,1,0,66072.20703125,-200.0,66737.20703125,665.0
253,2023-04-21,13089.0,13089.25,13080.75,13083.0,962.0,0.2647058823529412,10.502485151134632,12619.0080078125,12068.132602539063,8.781263274275943,40.733249550505704,13137.796615071704,0.004531195538515162,12357.23580611449,37.21204961606615,False,False,True,False,False,True,2,0,64072.20703125,-2200.0,66737.20703125,2665.0
